/*create database assignment_3;

use assignment_3;

CREATE TABLE if not exists merchants(
   mid   INTEGER  NOT NULL PRIMARY KEY 
  ,name  VARCHAR(100) NOT NULL
  ,city  VARCHAR(100) NOT NULL
  ,state VARCHAR(100) NOT NULL
);
INSERT INTO merchants(mid,name,city,state) VALUES (1,'Acer','San Jose','California');
INSERT INTO merchants(mid,name,city,state) VALUES (2,'Apple','Cupertino','California');
INSERT INTO merchants(mid,name,city,state) VALUES (3,'HP','Palo Alto','California');
INSERT INTO merchants(mid,name,city,state) VALUES (4,'Dell','Round Rock','Texas');
INSERT INTO merchants(mid,name,city,state) VALUES (5,'Lenovo','Research Triangle Park','North Carolina');

CREATE TABLE if not exists products (
    pid INT PRIMARY KEY NOT NULL,
    name VARCHAR(255),
    category VARCHAR(100),
    description TEXT,
    CONSTRAINT chk_name CHECK (name IN ('Printer', 'Ethernet Adapter', 'Desktop', 'Hard Drive', 'Laptop', 'Router', 'Network Card', 'Super Drive', 'Monitor')),
    CONSTRAINT chk_category CHECK (category IN ('Peripheral', 'Networking', 'Computer'))
);

INSERT INTO products(pid,name,category,description) VALUES (1,'Hard Drive','Peripheral','640GB USB 2.0 Portable');
INSERT INTO products(pid,name,category,description) VALUES (2,'Monitor','Peripheral','LED 22-inch Backlit');
INSERT INTO products(pid,name,category,description) VALUES (3,'Printer','Peripheral','All-in-one');
INSERT INTO products(pid,name,category,description) VALUES (4,'Super Drive','Peripheral','8X DVD-ROM 32X CD-ROM SATA Internal Blu-ray Drive BR-04B2T');
INSERT INTO products(pid,name,category,description) VALUES (5,'Hard Drive','Peripheral','2TB Internal SATA');
INSERT INTO products(pid,name,category,description) VALUES (6,'Laptop','Computer','Intel Core i5-2410M 2.3GHz / 4GB RAM / 640GB Hard Drive / Blu-ray / Intel HD Graphics / 802.11n / Bluetooth / Webcam / HDMI / Windows 7 Home Premium');
INSERT INTO products(pid,name,category,description) VALUES (7,'Super Drive','Peripheral','DVD+R 8X DVD+RW 22X DVD-R 16X DVD-ROM 48X CD-ROM Internal Drive');
INSERT INTO products(pid,name,category,description) VALUES (8,'Router','Networking','Gigabit Router with USB for Windows and Linux');
INSERT INTO products(pid,name,category,description) VALUES (9,'Monitor','Peripheral','23-inch HD Widescreen');
INSERT INTO products(pid,name,category,description) VALUES (10,'Network Card','Networking','Wireless a/b/g/n');
INSERT INTO products(pid,name,category,description) VALUES (11,'Super Drive','Peripheral','External CD/DVD R/RW USB');
INSERT INTO products(pid,name,category,description) VALUES (12,'Network Card','Networking','100Mbps Full/Low Profile Ethernet Multi Mode SC Fiber PCI NIC Card');
INSERT INTO products(pid,name,category,description) VALUES (13,'Network Card','Networking','Livewire Powerline AV Kit');
INSERT INTO products(pid,name,category,description) VALUES (14,'Monitor','Peripheral','27-inch LED');
INSERT INTO products(pid,name,category,description) VALUES (15,'Printer','Peripheral','Black & White Laser Multifunction Printer');
INSERT INTO products(pid,name,category,description) VALUES (16,'Ethernet Adapter','Networking','High Performance Wireless-N Adapter');
INSERT INTO products(pid,name,category,description) VALUES (17,'Desktop','Computer','Intel Core i7-2630QM 2.00GHz / 8GB RAM / 2TB HD / Blu-ray Reader / GeForce GT 540M Graphics / 802.11n / HDMI / TV Tuner / USB 3.0 / Windows 7 Home Premium');
INSERT INTO products(pid,name,category,description) VALUES (18,'Router','Networking','Wireless-G Broadband Router with VPN');
INSERT INTO products(pid,name,category,description) VALUES (19,'Router','Networking','Wireless Dual Band Gigabit Router');
INSERT INTO products(pid,name,category,description) VALUES (20,'Router','Networking','Wireless N HD Media Router 1000 DIR-657');
INSERT INTO products(pid,name,category,description) VALUES (21,'Super Drive','Peripheral','12x Internal Blu-ray Disc/DVD/CD Writer');
INSERT INTO products(pid,name,category,description) VALUES (22,'Super Drive','Peripheral','DVD/CD/RW IDE');
INSERT INTO products(pid,name,category,description) VALUES (23,'Router','Networking','54 Mbps 4-port Wireless 802.11g DSL Router');
INSERT INTO products(pid,name,category,description) VALUES (24,'Laptop','Computer','1.66GHz Processor / 2GB RAM / 250GB Hard Drive / Intel GMA 3150 / 802.11n / Webcam / 6-cell Li-ion battery / Windows 7 Starter');
INSERT INTO products(pid,name,category,description) VALUES (25,'Laptop','Computer','Core i7 /17.3 / 750/8GB PC HP 8760w Core i7-2720QM CPU 17.3 FHD AG LED UWVA 2GB nVidia Webcam 8GB 1333DDR3 RAM(2D) 750GB HDDDVD+/-RW 802.11a/b/g/n I3 BT FPR Windows 7 PRO 64 OF10 STR U.S. - English localization');
INSERT INTO products(pid,name,category,description) VALUES (26,'Printer','Peripheral','Color Laser');
INSERT INTO products(pid,name,category,description) VALUES (27,'Network Card','Networking','24 Port Gigabit Rackmount');
INSERT INTO products(pid,name,category,description) VALUES (28,'Network Card','Networking','MegaPlug AV 200 Mbs');
INSERT INTO products(pid,name,category,description) VALUES (29,'Hard Drive','Peripheral','500GB Red-Hot Skin Portable');
INSERT INTO products(pid,name,category,description) VALUES (30,'Super Drive','Peripheral','USB 2.0 Slot-Loading Portable DVD Super Multi Drive');
INSERT INTO products(pid,name,category,description) VALUES (31,'Super Drive','Peripheral','External CD/DVD/RW');
INSERT INTO products(pid,name,category,description) VALUES (32,'Super Drive','Peripheral','UInternal CD/DVD/RW');


CREATE TABLE if not exists sell (
    mid INT,
    pid INT,
    price DECIMAL(10, 2),
    quantity_available INT,
    FOREIGN KEY (mid) REFERENCES merchants(mid),  -- Assumes a 'merchants' table with 'mid' as a primary key
    FOREIGN KEY (pid) REFERENCES products(pid),   -- Assumes a 'products' table with 'pid' as a primary key
    CHECK (price >= 0 AND price <= 100000),       -- Price must be between 0 and 100,000
    CHECK (quantity_available >= 0 AND quantity_available <= 1000)  -- Quantity available must be between 0 and 1,000
);

ALTER TABLE sell
ADD CONSTRAINT chk_price CHECK (price >= 0 AND price <= 100000),
ADD CONSTRAINT chk_quantity_available CHECK (quantity_available >= 0 AND quantity_available <= 1000);



INSERT INTO sell(mid,pid,price,quantity_available) VALUES (1,1,836.99,6);
INSERT INTO sell(mid,pid,price,quantity_available) VALUES (1,10,837.12,1);
INSERT INTO sell(mid,pid,price,quantity_available) VALUES (1,11,1124.26,6);
INSERT INTO sell(mid,pid,price,quantity_available) VALUES (1,13,609.20,6);
INSERT INTO sell(mid,pid,price,quantity_available) VALUES (1,14,1435.38,2);
INSERT INTO sell(mid,pid,price,quantity_available) VALUES (1,15,836.28,14);
INSERT INTO sell(mid,pid,price,quantity_available) VALUES (1,16,446.62,14);
INSERT INTO sell(mid,pid,price,quantity_available) VALUES (1,17,311.06,1);
INSERT INTO sell(mid,pid,price,quantity_available) VALUES (1,18,1256.57,0);
INSERT INTO sell(mid,pid,price,quantity_available) VALUES (1,19,780.65,1);
INSERT INTO sell(mid,pid,price,quantity_available) VALUES (1,2,1103.47,12);
INSERT INTO sell(mid,pid,price,quantity_available) VALUES (1,20,945.51,5);
INSERT INTO sell(mid,pid,price,quantity_available) VALUES (1,21,356.13,6);
INSERT INTO sell(mid,pid,price,quantity_available) VALUES (1,22,1015.95,2);
INSERT INTO sell(mid,pid,price,quantity_available) VALUES (1,23,394.04,2);
INSERT INTO sell(mid,pid,price,quantity_available) VALUES (1,24,522.73,7);
INSERT INTO sell(mid,pid,price,quantity_available) VALUES (1,25,33.50,6);
INSERT INTO sell(mid,pid,price,quantity_available) VALUES (1,26,1345.37,9);
INSERT INTO sell(mid,pid,price,quantity_available) VALUES (1,27,405.40,0);
INSERT INTO sell(mid,pid,price,quantity_available) VALUES (1,28,130.43,7);
INSERT INTO sell(mid,pid,price,quantity_available) VALUES (1,29,1151.28,2);
INSERT INTO sell(mid,pid,price,quantity_available) VALUES (1,3,310.83,11);
INSERT INTO sell(mid,pid,price,quantity_available) VALUES (1,30,671.75,14);
INSERT INTO sell(mid,pid,price,quantity_available) VALUES (1,5,333.71,1);
INSERT INTO sell(mid,pid,price,quantity_available) VALUES (1,6,247.96,14);
INSERT INTO sell(mid,pid,price,quantity_available) VALUES (1,7,1135.30,6);
INSERT INTO sell(mid,pid,price,quantity_available) VALUES (1,8,521.07,5);
INSERT INTO sell(mid,pid,price,quantity_available) VALUES (2,1,1328.19,5);
INSERT INTO sell(mid,pid,price,quantity_available) VALUES (2,10,791.70,11);
INSERT INTO sell(mid,pid,price,quantity_available) VALUES (2,11,766.96,3);
INSERT INTO sell(mid,pid,price,quantity_available) VALUES (2,12,1291.80,7);
INSERT INTO sell(mid,pid,price,quantity_available) VALUES (2,13,108.30,11);
INSERT INTO sell(mid,pid,price,quantity_available) VALUES (2,14,573.31,7);
INSERT INTO sell(mid,pid,price,quantity_available) VALUES (2,15,721.09,5);
INSERT INTO sell(mid,pid,price,quantity_available) VALUES (2,16,878.23,9);
INSERT INTO sell(mid,pid,price,quantity_available) VALUES (2,17,883.55,5);
INSERT INTO sell(mid,pid,price,quantity_available) VALUES (2,18,575.75,4);
INSERT INTO sell(mid,pid,price,quantity_available) VALUES (2,19,1328.35,5);
INSERT INTO sell(mid,pid,price,quantity_available) VALUES (2,2,786.31,10);
INSERT INTO sell(mid,pid,price,quantity_available) VALUES (2,20,895.76,6);
INSERT INTO sell(mid,pid,price,quantity_available) VALUES (2,21,1406.52,1);
INSERT INTO sell(mid,pid,price,quantity_available) VALUES (2,22,373.31,11);
INSERT INTO sell(mid,pid,price,quantity_available) VALUES (2,24,425.10,14);
INSERT INTO sell(mid,pid,price,quantity_available) VALUES (2,25,739.02,4);
INSERT INTO sell(mid,pid,price,quantity_available) VALUES (2,26,397.92,12);
INSERT INTO sell(mid,pid,price,quantity_available) VALUES (2,27,925.57,4);
INSERT INTO sell(mid,pid,price,quantity_available) VALUES (2,29,935.66,5);
INSERT INTO sell(mid,pid,price,quantity_available) VALUES (2,3,994.35,0);
INSERT INTO sell(mid,pid,price,quantity_available) VALUES (2,4,540.56,12);
INSERT INTO sell(mid,pid,price,quantity_available) VALUES (2,5,773.55,6);
INSERT INTO sell(mid,pid,price,quantity_available) VALUES (2,6,379.06,6);
INSERT INTO sell(mid,pid,price,quantity_available) VALUES (2,7,766.67,2);
INSERT INTO sell(mid,pid,price,quantity_available) VALUES (2,8,979.27,0);
INSERT INTO sell(mid,pid,price,quantity_available) VALUES (2,9,993.63,12);
INSERT INTO sell(mid,pid,price,quantity_available) VALUES (3,10,1154.68,2);
INSERT INTO sell(mid,pid,price,quantity_available) VALUES (3,12,345.01,3);
INSERT INTO sell(mid,pid,price,quantity_available) VALUES (3,13,262.20,15);
INSERT INTO sell(mid,pid,price,quantity_available) VALUES (3,14,822.33,13);
INSERT INTO sell(mid,pid,price,quantity_available) VALUES (3,15,358.01,13);
INSERT INTO sell(mid,pid,price,quantity_available) VALUES (3,16,1260.45,2);
INSERT INTO sell(mid,pid,price,quantity_available) VALUES (3,17,1490.37,3);
INSERT INTO sell(mid,pid,price,quantity_available) VALUES (3,18,205.56,0);
INSERT INTO sell(mid,pid,price,quantity_available) VALUES (3,19,1474.87,11);
INSERT INTO sell(mid,pid,price,quantity_available) VALUES (3,20,552.02,9);
INSERT INTO sell(mid,pid,price,quantity_available) VALUES (3,21,658.52,0);
INSERT INTO sell(mid,pid,price,quantity_available) VALUES (3,23,100.95,9);
INSERT INTO sell(mid,pid,price,quantity_available) VALUES (3,24,1209.59,12);
INSERT INTO sell(mid,pid,price,quantity_available) VALUES (3,25,585.27,3);
INSERT INTO sell(mid,pid,price,quantity_available) VALUES (3,26,856.22,4);
INSERT INTO sell(mid,pid,price,quantity_available) VALUES (3,28,1179.01,6);
INSERT INTO sell(mid,pid,price,quantity_available) VALUES (3,29,939.55,4);
INSERT INTO sell(mid,pid,price,quantity_available) VALUES (3,3,1408.80,10);
INSERT INTO sell(mid,pid,price,quantity_available) VALUES (3,30,280.91,3);
INSERT INTO sell(mid,pid,price,quantity_available) VALUES (3,4,343.18,9);
INSERT INTO sell(mid,pid,price,quantity_available) VALUES (3,5,168.13,4);
INSERT INTO sell(mid,pid,price,quantity_available) VALUES (3,6,120.44,0);
INSERT INTO sell(mid,pid,price,quantity_available) VALUES (3,8,1034.46,3);
INSERT INTO sell(mid,pid,price,quantity_available) VALUES (3,9,991.41,10);
INSERT INTO sell(mid,pid,price,quantity_available) VALUES (4,1,970.45,3);
INSERT INTO sell(mid,pid,price,quantity_available) VALUES (4,10,361.22,1);
INSERT INTO sell(mid,pid,price,quantity_available) VALUES (4,11,104.17,7);
INSERT INTO sell(mid,pid,price,quantity_available) VALUES (4,12,976.20,14);
INSERT INTO sell(mid,pid,price,quantity_available) VALUES (4,13,522.32,8);
INSERT INTO sell(mid,pid,price,quantity_available) VALUES (4,14,252.01,6);
INSERT INTO sell(mid,pid,price,quantity_available) VALUES (4,15,983.49,6);
INSERT INTO sell(mid,pid,price,quantity_available) VALUES (4,16,516.77,9);
INSERT INTO sell(mid,pid,price,quantity_available) VALUES (4,17,1018.36,15);
INSERT INTO sell(mid,pid,price,quantity_available) VALUES (4,18,1060.24,11);
INSERT INTO sell(mid,pid,price,quantity_available) VALUES (4,19,1208.90,3);
INSERT INTO sell(mid,pid,price,quantity_available) VALUES (4,2,662.19,13);
INSERT INTO sell(mid,pid,price,quantity_available) VALUES (4,20,351.24,12);
INSERT INTO sell(mid,pid,price,quantity_available) VALUES (4,21,1242.28,10);
INSERT INTO sell(mid,pid,price,quantity_available) VALUES (4,22,1450.74,5);
INSERT INTO sell(mid,pid,price,quantity_available) VALUES (4,23,298.92,0);
INSERT INTO sell(mid,pid,price,quantity_available) VALUES (4,25,1069.61,11);
INSERT INTO sell(mid,pid,price,quantity_available) VALUES (4,26,398.11,15);
INSERT INTO sell(mid,pid,price,quantity_available) VALUES (4,27,91.65,8);
INSERT INTO sell(mid,pid,price,quantity_available) VALUES (4,28,927.96,7);
INSERT INTO sell(mid,pid,price,quantity_available) VALUES (4,3,1294.84,12);
INSERT INTO sell(mid,pid,price,quantity_available) VALUES (4,30,534.35,11);
INSERT INTO sell(mid,pid,price,quantity_available) VALUES (4,4,1033.91,14);
INSERT INTO sell(mid,pid,price,quantity_available) VALUES (4,5,355.71,3);
INSERT INTO sell(mid,pid,price,quantity_available) VALUES (4,6,1171.18,1);
INSERT INTO sell(mid,pid,price,quantity_available) VALUES (4,7,488.54,10);
INSERT INTO sell(mid,pid,price,quantity_available) VALUES (4,8,1061.15,5);
INSERT INTO sell(mid,pid,price,quantity_available) VALUES (4,9,1046.20,13);
INSERT INTO sell(mid,pid,price,quantity_available) VALUES (5,1,903.48,13);
INSERT INTO sell(mid,pid,price,quantity_available) VALUES (5,10,885.81,10);
INSERT INTO sell(mid,pid,price,quantity_available) VALUES (5,11,61.84,11);
INSERT INTO sell(mid,pid,price,quantity_available) VALUES (5,12,1203.53,2);
INSERT INTO sell(mid,pid,price,quantity_available) VALUES (5,13,1381.76,2);
INSERT INTO sell(mid,pid,price,quantity_available) VALUES (5,14,720.05,13);
INSERT INTO sell(mid,pid,price,quantity_available) VALUES (5,15,1347.20,8);
INSERT INTO sell(mid,pid,price,quantity_available) VALUES (5,16,126.82,0);
INSERT INTO sell(mid,pid,price,quantity_available) VALUES (5,17,980.50,1);
INSERT INTO sell(mid,pid,price,quantity_available) VALUES (5,18,945.18,7);
INSERT INTO sell(mid,pid,price,quantity_available) VALUES (5,19,554.02,7);
INSERT INTO sell(mid,pid,price,quantity_available) VALUES (5,2,375.59,8);
INSERT INTO sell(mid,pid,price,quantity_available) VALUES (5,20,437.72,6);
INSERT INTO sell(mid,pid,price,quantity_available) VALUES (5,22,1029.24,5);
INSERT INTO sell(mid,pid,price,quantity_available) VALUES (5,23,796.89,2);
INSERT INTO sell(mid,pid,price,quantity_available) VALUES (5,25,1370.48,6);
INSERT INTO sell(mid,pid,price,quantity_available) VALUES (5,26,758.14,13);
INSERT INTO sell(mid,pid,price,quantity_available) VALUES (5,27,787.81,14);
INSERT INTO sell(mid,pid,price,quantity_available) VALUES (5,28,800.89,12);
INSERT INTO sell(mid,pid,price,quantity_available) VALUES (5,29,975.81,8);
INSERT INTO sell(mid,pid,price,quantity_available) VALUES (5,3,866.69,2);
INSERT INTO sell(mid,pid,price,quantity_available) VALUES (5,30,1487.03,6);
INSERT INTO sell(mid,pid,price,quantity_available) VALUES (5,4,568.88,14);
INSERT INTO sell(mid,pid,price,quantity_available) VALUES (5,5,645.44,2);
INSERT INTO sell(mid,pid,price,quantity_available) VALUES (5,7,1298.03,4);
INSERT INTO sell(mid,pid,price,quantity_available) VALUES (5,8,882.78,4);

CREATE TABLE IF NOT EXISTS orders(
    oid             INTEGER NOT NULL PRIMARY KEY,
    shipping_method VARCHAR(5) NOT NULL,
    shipping_cost   DECIMAL(10,2) NOT NULL,
    CONSTRAINT chk_shipping_method CHECK (shipping_method IN ('UPS', 'FedEx', 'USPS')),
    CONSTRAINT chk_shipping_cost CHECK (shipping_cost >= 0 AND shipping_cost <= 500)
);

INSERT INTO orders(oid,shipping_method,shipping_cost) VALUES (1,'USPS',2.98);
INSERT INTO orders(oid,shipping_method,shipping_cost) VALUES (2,'UPS',4.83);
INSERT INTO orders(oid,shipping_method,shipping_cost) VALUES (3,'USPS',9.68);
INSERT INTO orders(oid,shipping_method,shipping_cost) VALUES (4,'UPS',6.34);
INSERT INTO orders(oid,shipping_method,shipping_cost) VALUES (5,'FedEx',10.09);
INSERT INTO orders(oid,shipping_method,shipping_cost) VALUES (6,'UPS',3.13);
INSERT INTO orders(oid,shipping_method,shipping_cost) VALUES (7,'UPS',3.97);
INSERT INTO orders(oid,shipping_method,shipping_cost) VALUES (8,'FedEx',0.36);
INSERT INTO orders(oid,shipping_method,shipping_cost) VALUES (9,'USPS',8.51);
INSERT INTO orders(oid,shipping_method,shipping_cost) VALUES (10,'FedEx',10.86);
INSERT INTO orders(oid,shipping_method,shipping_cost) VALUES (11,'UPS',6.10);
INSERT INTO orders(oid,shipping_method,shipping_cost) VALUES (12,'FedEx',11.68);
INSERT INTO orders(oid,shipping_method,shipping_cost) VALUES (13,'FedEx',2.17);
INSERT INTO orders(oid,shipping_method,shipping_cost) VALUES (14,'FedEx',8.02);
INSERT INTO orders(oid,shipping_method,shipping_cost) VALUES (15,'FedEx',7.16);
INSERT INTO orders(oid,shipping_method,shipping_cost) VALUES (16,'USPS',5.59);
INSERT INTO orders(oid,shipping_method,shipping_cost) VALUES (17,'UPS',14.34);
INSERT INTO orders(oid,shipping_method,shipping_cost) VALUES (18,'UPS',6.81);
INSERT INTO orders(oid,shipping_method,shipping_cost) VALUES (19,'UPS',1.72);
INSERT INTO orders(oid,shipping_method,shipping_cost) VALUES (20,'USPS',14.40);
INSERT INTO orders(oid,shipping_method,shipping_cost) VALUES (21,'UPS',9.56);
INSERT INTO orders(oid,shipping_method,shipping_cost) VALUES (22,'UPS',14.65);
INSERT INTO orders(oid,shipping_method,shipping_cost) VALUES (23,'FedEx',8.06);
INSERT INTO orders(oid,shipping_method,shipping_cost) VALUES (24,'UPS',8.54);
INSERT INTO orders(oid,shipping_method,shipping_cost) VALUES (25,'USPS',10.10);
INSERT INTO orders(oid,shipping_method,shipping_cost) VALUES (26,'FedEx',11.46);
INSERT INTO orders(oid,shipping_method,shipping_cost) VALUES (27,'USPS',2.15);
INSERT INTO orders(oid,shipping_method,shipping_cost) VALUES (28,'UPS',7.72);
INSERT INTO orders(oid,shipping_method,shipping_cost) VALUES (29,'USPS',10.24);
INSERT INTO orders(oid,shipping_method,shipping_cost) VALUES (30,'FedEx',3.32);
INSERT INTO orders(oid,shipping_method,shipping_cost) VALUES (31,'FedEx',0.96);
INSERT INTO orders(oid,shipping_method,shipping_cost) VALUES (32,'USPS',14.51);
INSERT INTO orders(oid,shipping_method,shipping_cost) VALUES (33,'USPS',5.59);
INSERT INTO orders(oid,shipping_method,shipping_cost) VALUES (34,'USPS',2.37);
INSERT INTO orders(oid,shipping_method,shipping_cost) VALUES (35,'USPS',9.55);
INSERT INTO orders(oid,shipping_method,shipping_cost) VALUES (36,'FedEx',6.64);
INSERT INTO orders(oid,shipping_method,shipping_cost) VALUES (37,'UPS',5.11);
INSERT INTO orders(oid,shipping_method,shipping_cost) VALUES (38,'USPS',12.55);
INSERT INTO orders(oid,shipping_method,shipping_cost) VALUES (39,'UPS',14.94);
INSERT INTO orders(oid,shipping_method,shipping_cost) VALUES (40,'UPS',13.09);
INSERT INTO orders(oid,shipping_method,shipping_cost) VALUES (41,'USPS',13.34);
INSERT INTO orders(oid,shipping_method,shipping_cost) VALUES (42,'USPS',4.50);
INSERT INTO orders(oid,shipping_method,shipping_cost) VALUES (43,'USPS',13.96);
INSERT INTO orders(oid,shipping_method,shipping_cost) VALUES (44,'USPS',14.66);
INSERT INTO orders(oid,shipping_method,shipping_cost) VALUES (45,'UPS',10.52);
INSERT INTO orders(oid,shipping_method,shipping_cost) VALUES (46,'USPS',9.87);
INSERT INTO orders(oid,shipping_method,shipping_cost) VALUES (47,'USPS',7.43);
INSERT INTO orders(oid,shipping_method,shipping_cost) VALUES (48,'FedEx',8.73);
INSERT INTO orders(oid,shipping_method,shipping_cost) VALUES (49,'UPS',1.56);
INSERT INTO orders(oid,shipping_method,shipping_cost) VALUES (50,'FedEx',5.74);
INSERT INTO orders(oid,shipping_method,shipping_cost) VALUES (51,'UPS',1.73);
INSERT INTO orders(oid,shipping_method,shipping_cost) VALUES (52,'FedEx',10.89);
INSERT INTO orders(oid,shipping_method,shipping_cost) VALUES (53,'FedEx',2.39);
INSERT INTO orders(oid,shipping_method,shipping_cost) VALUES (54,'USPS',14.36);
INSERT INTO orders(oid,shipping_method,shipping_cost) VALUES (55,'UPS',2.84);
INSERT INTO orders(oid,shipping_method,shipping_cost) VALUES (56,'USPS',13.54);
INSERT INTO orders(oid,shipping_method,shipping_cost) VALUES (57,'USPS',1.39);
INSERT INTO orders(oid,shipping_method,shipping_cost) VALUES (58,'UPS',12.35);
INSERT INTO orders(oid,shipping_method,shipping_cost) VALUES (59,'FedEx',5.87);
INSERT INTO orders(oid,shipping_method,shipping_cost) VALUES (60,'FedEx',8.33);
INSERT INTO orders(oid,shipping_method,shipping_cost) VALUES (61,'UPS',10.94);
INSERT INTO orders(oid,shipping_method,shipping_cost) VALUES (62,'UPS',11.03);
INSERT INTO orders(oid,shipping_method,shipping_cost) VALUES (63,'FedEx',0.21);
INSERT INTO orders(oid,shipping_method,shipping_cost) VALUES (64,'UPS',13.73);
INSERT INTO orders(oid,shipping_method,shipping_cost) VALUES (65,'USPS',10.68);
INSERT INTO orders(oid,shipping_method,shipping_cost) VALUES (66,'UPS',8.65);
INSERT INTO orders(oid,shipping_method,shipping_cost) VALUES (67,'UPS',8.58);
INSERT INTO orders(oid,shipping_method,shipping_cost) VALUES (68,'FedEx',1.73);
INSERT INTO orders(oid,shipping_method,shipping_cost) VALUES (69,'FedEx',11.66);
INSERT INTO orders(oid,shipping_method,shipping_cost) VALUES (70,'FedEx',8.35);
INSERT INTO orders(oid,shipping_method,shipping_cost) VALUES (71,'UPS',4.13);
INSERT INTO orders(oid,shipping_method,shipping_cost) VALUES (72,'UPS',5.74);
INSERT INTO orders(oid,shipping_method,shipping_cost) VALUES (73,'FedEx',4.14);
INSERT INTO orders(oid,shipping_method,shipping_cost) VALUES (74,'USPS',12.66);
INSERT INTO orders(oid,shipping_method,shipping_cost) VALUES (75,'UPS',1.55);
INSERT INTO orders(oid,shipping_method,shipping_cost) VALUES (76,'USPS',13.78);
INSERT INTO orders(oid,shipping_method,shipping_cost) VALUES (77,'USPS',6.66);
INSERT INTO orders(oid,shipping_method,shipping_cost) VALUES (78,'USPS',3.16);
INSERT INTO orders(oid,shipping_method,shipping_cost) VALUES (79,'USPS',10.70);
INSERT INTO orders(oid,shipping_method,shipping_cost) VALUES (80,'UPS',7.33);
INSERT INTO orders(oid,shipping_method,shipping_cost) VALUES (81,'FedEx',9.29);
INSERT INTO orders(oid,shipping_method,shipping_cost) VALUES (82,'USPS',0.07);
INSERT INTO orders(oid,shipping_method,shipping_cost) VALUES (83,'UPS',1.94);
INSERT INTO orders(oid,shipping_method,shipping_cost) VALUES (84,'FedEx',12.31);
INSERT INTO orders(oid,shipping_method,shipping_cost) VALUES (85,'USPS',14.75);
INSERT INTO orders(oid,shipping_method,shipping_cost) VALUES (86,'UPS',7.31);
INSERT INTO orders(oid,shipping_method,shipping_cost) VALUES (87,'UPS',1.15);
INSERT INTO orders(oid,shipping_method,shipping_cost) VALUES (88,'USPS',4.42);
INSERT INTO orders(oid,shipping_method,shipping_cost) VALUES (89,'UPS',7.79);
INSERT INTO orders(oid,shipping_method,shipping_cost) VALUES (90,'USPS',11.48);
INSERT INTO orders(oid,shipping_method,shipping_cost) VALUES (91,'UPS',2.42);
INSERT INTO orders(oid,shipping_method,shipping_cost) VALUES (92,'USPS',11.74);
INSERT INTO orders(oid,shipping_method,shipping_cost) VALUES (93,'UPS',9.75);
INSERT INTO orders(oid,shipping_method,shipping_cost) VALUES (94,'UPS',10.42);
INSERT INTO orders(oid,shipping_method,shipping_cost) VALUES (95,'USPS',4.41);
INSERT INTO orders(oid,shipping_method,shipping_cost) VALUES (96,'USPS',11.99);
INSERT INTO orders(oid,shipping_method,shipping_cost) VALUES (97,'UPS',13.81);
INSERT INTO orders(oid,shipping_method,shipping_cost) VALUES (98,'USPS',8.01);
INSERT INTO orders(oid,shipping_method,shipping_cost) VALUES (99,'USPS',9.01);
INSERT INTO orders(oid,shipping_method,shipping_cost) VALUES (100,'FedEx',10.09);
INSERT INTO orders(oid,shipping_method,shipping_cost) VALUES (101,'UPS',6.39);
INSERT INTO orders(oid,shipping_method,shipping_cost) VALUES (102,'USPS',2.80);
INSERT INTO orders(oid,shipping_method,shipping_cost) VALUES (103,'USPS',1.32);
INSERT INTO orders(oid,shipping_method,shipping_cost) VALUES (104,'UPS',13.68);
INSERT INTO orders(oid,shipping_method,shipping_cost) VALUES (105,'FedEx',5.31);
INSERT INTO orders(oid,shipping_method,shipping_cost) VALUES (106,'UPS',10.50);
INSERT INTO orders(oid,shipping_method,shipping_cost) VALUES (107,'UPS',9.36);
INSERT INTO orders(oid,shipping_method,shipping_cost) VALUES (108,'UPS',12.64);
INSERT INTO orders(oid,shipping_method,shipping_cost) VALUES (109,'USPS',12.52);
INSERT INTO orders(oid,shipping_method,shipping_cost) VALUES (110,'FedEx',8.67);
INSERT INTO orders(oid,shipping_method,shipping_cost) VALUES (111,'UPS',1.10);
INSERT INTO orders(oid,shipping_method,shipping_cost) VALUES (112,'UPS',8.84);
INSERT INTO orders(oid,shipping_method,shipping_cost) VALUES (113,'USPS',4.08);
INSERT INTO orders(oid,shipping_method,shipping_cost) VALUES (114,'UPS',2.11);
INSERT INTO orders(oid,shipping_method,shipping_cost) VALUES (115,'FedEx',8.39);
INSERT INTO orders(oid,shipping_method,shipping_cost) VALUES (116,'USPS',9.87);
INSERT INTO orders(oid,shipping_method,shipping_cost) VALUES (117,'UPS',13.37);
INSERT INTO orders(oid,shipping_method,shipping_cost) VALUES (118,'USPS',14.52);
INSERT INTO orders(oid,shipping_method,shipping_cost) VALUES (119,'FedEx',10.50);
INSERT INTO orders(oid,shipping_method,shipping_cost) VALUES (120,'USPS',1.95);
INSERT INTO orders(oid,shipping_method,shipping_cost) VALUES (121,'FedEx',6.48);
INSERT INTO orders(oid,shipping_method,shipping_cost) VALUES (122,'UPS',4.84);
INSERT INTO orders(oid,shipping_method,shipping_cost) VALUES (123,'UPS',13.30);
INSERT INTO orders(oid,shipping_method,shipping_cost) VALUES (124,'USPS',11.19);
INSERT INTO orders(oid,shipping_method,shipping_cost) VALUES (125,'USPS',5.73);
INSERT INTO orders(oid,shipping_method,shipping_cost) VALUES (126,'USPS',12.61);
INSERT INTO orders(oid,shipping_method,shipping_cost) VALUES (127,'USPS',4.80);
INSERT INTO orders(oid,shipping_method,shipping_cost) VALUES (128,'FedEx',8.58);
INSERT INTO orders(oid,shipping_method,shipping_cost) VALUES (129,'USPS',9.22);
INSERT INTO orders(oid,shipping_method,shipping_cost) VALUES (130,'FedEx',8.39);
INSERT INTO orders(oid,shipping_method,shipping_cost) VALUES (131,'FedEx',11.70);
INSERT INTO orders(oid,shipping_method,shipping_cost) VALUES (132,'USPS',9.70);
INSERT INTO orders(oid,shipping_method,shipping_cost) VALUES (133,'USPS',2.07);
INSERT INTO orders(oid,shipping_method,shipping_cost) VALUES (134,'USPS',4.62);
INSERT INTO orders(oid,shipping_method,shipping_cost) VALUES (135,'UPS',8.88);
INSERT INTO orders(oid,shipping_method,shipping_cost) VALUES (136,'USPS',3.65);
INSERT INTO orders(oid,shipping_method,shipping_cost) VALUES (137,'FedEx',2.86);
INSERT INTO orders(oid,shipping_method,shipping_cost) VALUES (138,'FedEx',7.58);
INSERT INTO orders(oid,shipping_method,shipping_cost) VALUES (139,'FedEx',8.16);
INSERT INTO orders(oid,shipping_method,shipping_cost) VALUES (140,'USPS',10.73);
INSERT INTO orders(oid,shipping_method,shipping_cost) VALUES (141,'USPS',14.09);
INSERT INTO orders(oid,shipping_method,shipping_cost) VALUES (142,'USPS',10.33);
INSERT INTO orders(oid,shipping_method,shipping_cost) VALUES (143,'UPS',1.64);
INSERT INTO orders(oid,shipping_method,shipping_cost) VALUES (144,'FedEx',14.83);
INSERT INTO orders(oid,shipping_method,shipping_cost) VALUES (145,'FedEx',14.69);
INSERT INTO orders(oid,shipping_method,shipping_cost) VALUES (146,'USPS',6.77);
INSERT INTO orders(oid,shipping_method,shipping_cost) VALUES (147,'USPS',1.53);
INSERT INTO orders(oid,shipping_method,shipping_cost) VALUES (148,'FedEx',2.98);
INSERT INTO orders(oid,shipping_method,shipping_cost) VALUES (149,'FedEx',1.43);
INSERT INTO orders(oid,shipping_method,shipping_cost) VALUES (150,'FedEx',4.89);
INSERT INTO orders(oid,shipping_method,shipping_cost) VALUES (151,'UPS',8.00);
INSERT INTO orders(oid,shipping_method,shipping_cost) VALUES (152,'USPS',1.89);
INSERT INTO orders(oid,shipping_method,shipping_cost) VALUES (153,'FedEx',8.75);
INSERT INTO orders(oid,shipping_method,shipping_cost) VALUES (154,'USPS',14.43);
INSERT INTO orders(oid,shipping_method,shipping_cost) VALUES (155,'FedEx',0.85);
INSERT INTO orders(oid,shipping_method,shipping_cost) VALUES (156,'UPS',8.14);
INSERT INTO orders(oid,shipping_method,shipping_cost) VALUES (157,'USPS',7.49);
INSERT INTO orders(oid,shipping_method,shipping_cost) VALUES (158,'FedEx',9.69);
INSERT INTO orders(oid,shipping_method,shipping_cost) VALUES (159,'USPS',0.27);
INSERT INTO orders(oid,shipping_method,shipping_cost) VALUES (160,'USPS',12.76);
INSERT INTO orders(oid,shipping_method,shipping_cost) VALUES (161,'USPS',1.82);
INSERT INTO orders(oid,shipping_method,shipping_cost) VALUES (162,'FedEx',6.03);
INSERT INTO orders(oid,shipping_method,shipping_cost) VALUES (163,'FedEx',13.30);
INSERT INTO orders(oid,shipping_method,shipping_cost) VALUES (164,'USPS',1.85);
INSERT INTO orders(oid,shipping_method,shipping_cost) VALUES (165,'UPS',5.42);
INSERT INTO orders(oid,shipping_method,shipping_cost) VALUES (166,'UPS',6.41);
INSERT INTO orders(oid,shipping_method,shipping_cost) VALUES (167,'USPS',5.44);
INSERT INTO orders(oid,shipping_method,shipping_cost) VALUES (168,'USPS',6.08);
INSERT INTO orders(oid,shipping_method,shipping_cost) VALUES (169,'UPS',8.52);
INSERT INTO orders(oid,shipping_method,shipping_cost) VALUES (170,'FedEx',6.35);
INSERT INTO orders(oid,shipping_method,shipping_cost) VALUES (171,'USPS',3.83);
INSERT INTO orders(oid,shipping_method,shipping_cost) VALUES (172,'FedEx',5.93);
INSERT INTO orders(oid,shipping_method,shipping_cost) VALUES (173,'USPS',2.31);
INSERT INTO orders(oid,shipping_method,shipping_cost) VALUES (174,'FedEx',0.03);
INSERT INTO orders(oid,shipping_method,shipping_cost) VALUES (175,'FedEx',6.22);
INSERT INTO orders(oid,shipping_method,shipping_cost) VALUES (176,'FedEx',9.47);
INSERT INTO orders(oid,shipping_method,shipping_cost) VALUES (177,'UPS',12.86);
INSERT INTO orders(oid,shipping_method,shipping_cost) VALUES (178,'UPS',5.06);
INSERT INTO orders(oid,shipping_method,shipping_cost) VALUES (179,'USPS',12.38);
INSERT INTO orders(oid,shipping_method,shipping_cost) VALUES (180,'USPS',0.47);
INSERT INTO orders(oid,shipping_method,shipping_cost) VALUES (181,'USPS',10.99);
INSERT INTO orders(oid,shipping_method,shipping_cost) VALUES (182,'USPS',4.81);
INSERT INTO orders(oid,shipping_method,shipping_cost) VALUES (183,'UPS',9.54);
INSERT INTO orders(oid,shipping_method,shipping_cost) VALUES (184,'FedEx',13.82);
INSERT INTO orders(oid,shipping_method,shipping_cost) VALUES (185,'USPS',8.03);
INSERT INTO orders(oid,shipping_method,shipping_cost) VALUES (186,'FedEx',7.59);
INSERT INTO orders(oid,shipping_method,shipping_cost) VALUES (187,'USPS',6.06);
INSERT INTO orders(oid,shipping_method,shipping_cost) VALUES (188,'UPS',2.26);
INSERT INTO orders(oid,shipping_method,shipping_cost) VALUES (189,'USPS',10.66);
INSERT INTO orders(oid,shipping_method,shipping_cost) VALUES (190,'USPS',3.41);
INSERT INTO orders(oid,shipping_method,shipping_cost) VALUES (191,'FedEx',0.68);
INSERT INTO orders(oid,shipping_method,shipping_cost) VALUES (192,'UPS',5.42);
INSERT INTO orders(oid,shipping_method,shipping_cost) VALUES (193,'USPS',4.53);
INSERT INTO orders(oid,shipping_method,shipping_cost) VALUES (194,'UPS',7.10);
INSERT INTO orders(oid,shipping_method,shipping_cost) VALUES (195,'FedEx',8.37);
INSERT INTO orders(oid,shipping_method,shipping_cost) VALUES (196,'FedEx',3.88);
INSERT INTO orders(oid,shipping_method,shipping_cost) VALUES (197,'USPS',6.88);
INSERT INTO orders(oid,shipping_method,shipping_cost) VALUES (198,'USPS',6.57);
INSERT INTO orders(oid,shipping_method,shipping_cost) VALUES (199,'UPS',12.98);
INSERT INTO orders(oid,shipping_method,shipping_cost) VALUES (200,'FedEx',13.30);
INSERT INTO orders(oid,shipping_method,shipping_cost) VALUES (201,'FedEx',4.41);
INSERT INTO orders(oid,shipping_method,shipping_cost) VALUES (202,'UPS',6.24);
INSERT INTO orders(oid,shipping_method,shipping_cost) VALUES (203,'UPS',14.43);
INSERT INTO orders(oid,shipping_method,shipping_cost) VALUES (204,'USPS',7.22);
INSERT INTO orders(oid,shipping_method,shipping_cost) VALUES (205,'USPS',7.01);
INSERT INTO orders(oid,shipping_method,shipping_cost) VALUES (206,'USPS',3.62);
INSERT INTO orders(oid,shipping_method,shipping_cost) VALUES (207,'FedEx',7.56);
INSERT INTO orders(oid,shipping_method,shipping_cost) VALUES (208,'USPS',2.74);
INSERT INTO orders(oid,shipping_method,shipping_cost) VALUES (209,'UPS',4.23);
INSERT INTO orders(oid,shipping_method,shipping_cost) VALUES (210,'FedEx',6.90);
INSERT INTO orders(oid,shipping_method,shipping_cost) VALUES (211,'FedEx',0.36);
INSERT INTO orders(oid,shipping_method,shipping_cost) VALUES (212,'UPS',9.45);
INSERT INTO orders(oid,shipping_method,shipping_cost) VALUES (213,'UPS',2.79);
INSERT INTO orders(oid,shipping_method,shipping_cost) VALUES (214,'USPS',8.71);
INSERT INTO orders(oid,shipping_method,shipping_cost) VALUES (215,'FedEx',12.43);
INSERT INTO orders(oid,shipping_method,shipping_cost) VALUES (216,'FedEx',13.59);
INSERT INTO orders(oid,shipping_method,shipping_cost) VALUES (217,'FedEx',3.87);
INSERT INTO orders(oid,shipping_method,shipping_cost) VALUES (218,'USPS',5.76);
INSERT INTO orders(oid,shipping_method,shipping_cost) VALUES (219,'FedEx',5.09);
INSERT INTO orders(oid,shipping_method,shipping_cost) VALUES (220,'UPS',8.39);
INSERT INTO orders(oid,shipping_method,shipping_cost) VALUES (221,'USPS',8.61);
INSERT INTO orders(oid,shipping_method,shipping_cost) VALUES (222,'FedEx',8.13);
INSERT INTO orders(oid,shipping_method,shipping_cost) VALUES (223,'USPS',9.28);
INSERT INTO orders(oid,shipping_method,shipping_cost) VALUES (224,'USPS',0.44);
INSERT INTO orders(oid,shipping_method,shipping_cost) VALUES (225,'FedEx',5.18);
INSERT INTO orders(oid,shipping_method,shipping_cost) VALUES (226,'USPS',2.12);
INSERT INTO orders(oid,shipping_method,shipping_cost) VALUES (227,'FedEx',1.37);
INSERT INTO orders(oid,shipping_method,shipping_cost) VALUES (228,'UPS',1.41);
INSERT INTO orders(oid,shipping_method,shipping_cost) VALUES (229,'USPS',4.61);
INSERT INTO orders(oid,shipping_method,shipping_cost) VALUES (230,'UPS',4.28);
INSERT INTO orders(oid,shipping_method,shipping_cost) VALUES (231,'UPS',0.98);
INSERT INTO orders(oid,shipping_method,shipping_cost) VALUES (232,'USPS',3.62);
INSERT INTO orders(oid,shipping_method,shipping_cost) VALUES (233,'FedEx',12.10);
INSERT INTO orders(oid,shipping_method,shipping_cost) VALUES (234,'FedEx',0.95);
INSERT INTO orders(oid,shipping_method,shipping_cost) VALUES (235,'FedEx',9.47);
INSERT INTO orders(oid,shipping_method,shipping_cost) VALUES (236,'UPS',13.89);
INSERT INTO orders(oid,shipping_method,shipping_cost) VALUES (237,'FedEx',14.93);
INSERT INTO orders(oid,shipping_method,shipping_cost) VALUES (238,'USPS',0.12);
INSERT INTO orders(oid,shipping_method,shipping_cost) VALUES (239,'FedEx',10.92);
INSERT INTO orders(oid,shipping_method,shipping_cost) VALUES (240,'UPS',5.75);
INSERT INTO orders(oid,shipping_method,shipping_cost) VALUES (241,'USPS',11.58);
INSERT INTO orders(oid,shipping_method,shipping_cost) VALUES (242,'UPS',8.09);
INSERT INTO orders(oid,shipping_method,shipping_cost) VALUES (243,'UPS',0.39);
INSERT INTO orders(oid,shipping_method,shipping_cost) VALUES (244,'UPS',1.21);
INSERT INTO orders(oid,shipping_method,shipping_cost) VALUES (245,'FedEx',10.02);
INSERT INTO orders(oid,shipping_method,shipping_cost) VALUES (246,'USPS',4.19);
INSERT INTO orders(oid,shipping_method,shipping_cost) VALUES (247,'USPS',10.29);
INSERT INTO orders(oid,shipping_method,shipping_cost) VALUES (248,'FedEx',14.20);
INSERT INTO orders(oid,shipping_method,shipping_cost) VALUES (249,'USPS',8.85);
INSERT INTO orders(oid,shipping_method,shipping_cost) VALUES (250,'USPS',8.98);
INSERT INTO orders(oid,shipping_method,shipping_cost) VALUES (251,'USPS',8.52);
INSERT INTO orders(oid,shipping_method,shipping_cost) VALUES (252,'USPS',9.75);
INSERT INTO orders(oid,shipping_method,shipping_cost) VALUES (253,'UPS',9.26);
INSERT INTO orders(oid,shipping_method,shipping_cost) VALUES (254,'USPS',9.11);
INSERT INTO orders(oid,shipping_method,shipping_cost) VALUES (255,'USPS',8.72);
INSERT INTO orders(oid,shipping_method,shipping_cost) VALUES (256,'FedEx',9.97);
INSERT INTO orders(oid,shipping_method,shipping_cost) VALUES (257,'UPS',8.37);
INSERT INTO orders(oid,shipping_method,shipping_cost) VALUES (258,'UPS',5.72);
INSERT INTO orders(oid,shipping_method,shipping_cost) VALUES (259,'FedEx',11.07);
INSERT INTO orders(oid,shipping_method,shipping_cost) VALUES (260,'UPS',5.76);
INSERT INTO orders(oid,shipping_method,shipping_cost) VALUES (261,'UPS',13.37);
INSERT INTO orders(oid,shipping_method,shipping_cost) VALUES (262,'USPS',2.20);
INSERT INTO orders(oid,shipping_method,shipping_cost) VALUES (263,'USPS',5.10);
INSERT INTO orders(oid,shipping_method,shipping_cost) VALUES (264,'FedEx',6.94);
INSERT INTO orders(oid,shipping_method,shipping_cost) VALUES (265,'USPS',0.55);
INSERT INTO orders(oid,shipping_method,shipping_cost) VALUES (266,'UPS',0.69);
INSERT INTO orders(oid,shipping_method,shipping_cost) VALUES (267,'UPS',4.60);
INSERT INTO orders(oid,shipping_method,shipping_cost) VALUES (268,'FedEx',13.78);
INSERT INTO orders(oid,shipping_method,shipping_cost) VALUES (269,'USPS',8.56);
INSERT INTO orders(oid,shipping_method,shipping_cost) VALUES (270,'FedEx',5.88);
INSERT INTO orders(oid,shipping_method,shipping_cost) VALUES (271,'UPS',8.60);
INSERT INTO orders(oid,shipping_method,shipping_cost) VALUES (272,'UPS',3.49);
INSERT INTO orders(oid,shipping_method,shipping_cost) VALUES (273,'USPS',1.44);
INSERT INTO orders(oid,shipping_method,shipping_cost) VALUES (274,'USPS',0.14);
INSERT INTO orders(oid,shipping_method,shipping_cost) VALUES (275,'FedEx',12.03);
INSERT INTO orders(oid,shipping_method,shipping_cost) VALUES (276,'USPS',0.92);
INSERT INTO orders(oid,shipping_method,shipping_cost) VALUES (277,'USPS',11.37);
INSERT INTO orders(oid,shipping_method,shipping_cost) VALUES (278,'FedEx',6.30);
INSERT INTO orders(oid,shipping_method,shipping_cost) VALUES (279,'USPS',6.17);
INSERT INTO orders(oid,shipping_method,shipping_cost) VALUES (280,'UPS',4.17);
INSERT INTO orders(oid,shipping_method,shipping_cost) VALUES (281,'USPS',1.34);
INSERT INTO orders(oid,shipping_method,shipping_cost) VALUES (282,'USPS',11.87);
INSERT INTO orders(oid,shipping_method,shipping_cost) VALUES (283,'UPS',3.30);
INSERT INTO orders(oid,shipping_method,shipping_cost) VALUES (284,'FedEx',3.39);
INSERT INTO orders(oid,shipping_method,shipping_cost) VALUES (285,'UPS',12.63);
INSERT INTO orders(oid,shipping_method,shipping_cost) VALUES (286,'FedEx',13.41);
INSERT INTO orders(oid,shipping_method,shipping_cost) VALUES (287,'FedEx',6.34);
INSERT INTO orders(oid,shipping_method,shipping_cost) VALUES (288,'UPS',8.28);
INSERT INTO orders(oid,shipping_method,shipping_cost) VALUES (289,'USPS',12.93);
INSERT INTO orders(oid,shipping_method,shipping_cost) VALUES (290,'FedEx',7.49);
INSERT INTO orders(oid,shipping_method,shipping_cost) VALUES (291,'FedEx',3.29);
INSERT INTO orders(oid,shipping_method,shipping_cost) VALUES (292,'FedEx',2.42);
INSERT INTO orders(oid,shipping_method,shipping_cost) VALUES (293,'USPS',4.46);
INSERT INTO orders(oid,shipping_method,shipping_cost) VALUES (294,'UPS',12.50);
INSERT INTO orders(oid,shipping_method,shipping_cost) VALUES (295,'FedEx',13.09);
INSERT INTO orders(oid,shipping_method,shipping_cost) VALUES (296,'UPS',13.63);
INSERT INTO orders(oid,shipping_method,shipping_cost) VALUES (297,'USPS',8.50);
INSERT INTO orders(oid,shipping_method,shipping_cost) VALUES (298,'UPS',3.12);
INSERT INTO orders(oid,shipping_method,shipping_cost) VALUES (299,'UPS',6.32);
INSERT INTO orders(oid,shipping_method,shipping_cost) VALUES (300,'FedEx',11.30);
INSERT INTO orders(oid,shipping_method,shipping_cost) VALUES (301,'FedEx',3.35);
INSERT INTO orders(oid,shipping_method,shipping_cost) VALUES (302,'UPS',13.41);
INSERT INTO orders(oid,shipping_method,shipping_cost) VALUES (303,'FedEx',14.97);
INSERT INTO orders(oid,shipping_method,shipping_cost) VALUES (304,'FedEx',3.49);
INSERT INTO orders(oid,shipping_method,shipping_cost) VALUES (305,'UPS',14.26);
INSERT INTO orders(oid,shipping_method,shipping_cost) VALUES (306,'UPS',8.43);
INSERT INTO orders(oid,shipping_method,shipping_cost) VALUES (307,'UPS',6.96);
INSERT INTO orders(oid,shipping_method,shipping_cost) VALUES (308,'UPS',14.77);
INSERT INTO orders(oid,shipping_method,shipping_cost) VALUES (309,'UPS',13.48);
INSERT INTO orders(oid,shipping_method,shipping_cost) VALUES (310,'FedEx',1.21);
INSERT INTO orders(oid,shipping_method,shipping_cost) VALUES (311,'UPS',8.29);
INSERT INTO orders(oid,shipping_method,shipping_cost) VALUES (312,'FedEx',9.60);
INSERT INTO orders(oid,shipping_method,shipping_cost) VALUES (313,'FedEx',13.13);
INSERT INTO orders(oid,shipping_method,shipping_cost) VALUES (314,'USPS',9.48);
INSERT INTO orders(oid,shipping_method,shipping_cost) VALUES (315,'FedEx',12.59);
INSERT INTO orders(oid,shipping_method,shipping_cost) VALUES (316,'USPS',4.38);
INSERT INTO orders(oid,shipping_method,shipping_cost) VALUES (317,'FedEx',2.98);
INSERT INTO orders(oid,shipping_method,shipping_cost) VALUES (318,'UPS',11.13);
INSERT INTO orders(oid,shipping_method,shipping_cost) VALUES (319,'FedEx',4.74);
INSERT INTO orders(oid,shipping_method,shipping_cost) VALUES (320,'UPS',2.70);
INSERT INTO orders(oid,shipping_method,shipping_cost) VALUES (321,'USPS',8.17);
INSERT INTO orders(oid,shipping_method,shipping_cost) VALUES (322,'UPS',10.34);
INSERT INTO orders(oid,shipping_method,shipping_cost) VALUES (323,'UPS',12.17);
INSERT INTO orders(oid,shipping_method,shipping_cost) VALUES (324,'UPS',12.82);
INSERT INTO orders(oid,shipping_method,shipping_cost) VALUES (325,'FedEx',3.77);
INSERT INTO orders(oid,shipping_method,shipping_cost) VALUES (326,'USPS',9.59);
INSERT INTO orders(oid,shipping_method,shipping_cost) VALUES (327,'USPS',4.55);
INSERT INTO orders(oid,shipping_method,shipping_cost) VALUES (328,'UPS',4.85);
INSERT INTO orders(oid,shipping_method,shipping_cost) VALUES (329,'USPS',11.73);
INSERT INTO orders(oid,shipping_method,shipping_cost) VALUES (330,'USPS',9.34);
INSERT INTO orders(oid,shipping_method,shipping_cost) VALUES (331,'UPS',7.86);
INSERT INTO orders(oid,shipping_method,shipping_cost) VALUES (332,'USPS',11.39);
INSERT INTO orders(oid,shipping_method,shipping_cost) VALUES (333,'UPS',7.08);
INSERT INTO orders(oid,shipping_method,shipping_cost) VALUES (334,'FedEx',14.53);
INSERT INTO orders(oid,shipping_method,shipping_cost) VALUES (335,'FedEx',7.52);
INSERT INTO orders(oid,shipping_method,shipping_cost) VALUES (336,'FedEx',13.92);
INSERT INTO orders(oid,shipping_method,shipping_cost) VALUES (337,'UPS',3.70);
INSERT INTO orders(oid,shipping_method,shipping_cost) VALUES (338,'FedEx',8.07);
INSERT INTO orders(oid,shipping_method,shipping_cost) VALUES (339,'FedEx',13.65);
INSERT INTO orders(oid,shipping_method,shipping_cost) VALUES (340,'FedEx',8.23);
INSERT INTO orders(oid,shipping_method,shipping_cost) VALUES (341,'UPS',10.39);
INSERT INTO orders(oid,shipping_method,shipping_cost) VALUES (342,'UPS',6.84);
INSERT INTO orders(oid,shipping_method,shipping_cost) VALUES (343,'FedEx',3.00);
INSERT INTO orders(oid,shipping_method,shipping_cost) VALUES (344,'FedEx',4.60);
INSERT INTO orders(oid,shipping_method,shipping_cost) VALUES (345,'FedEx',14.48);
INSERT INTO orders(oid,shipping_method,shipping_cost) VALUES (346,'FedEx',3.25);
INSERT INTO orders(oid,shipping_method,shipping_cost) VALUES (347,'USPS',6.31);
INSERT INTO orders(oid,shipping_method,shipping_cost) VALUES (348,'USPS',4.31);
INSERT INTO orders(oid,shipping_method,shipping_cost) VALUES (349,'USPS',11.92);
INSERT INTO orders(oid,shipping_method,shipping_cost) VALUES (350,'FedEx',6.33);
INSERT INTO orders(oid,shipping_method,shipping_cost) VALUES (351,'USPS',14.10);
INSERT INTO orders(oid,shipping_method,shipping_cost) VALUES (352,'USPS',0.94);
INSERT INTO orders(oid,shipping_method,shipping_cost) VALUES (353,'USPS',5.56);
INSERT INTO orders(oid,shipping_method,shipping_cost) VALUES (354,'FedEx',7.98);
INSERT INTO orders(oid,shipping_method,shipping_cost) VALUES (355,'USPS',6.98);
INSERT INTO orders(oid,shipping_method,shipping_cost) VALUES (356,'USPS',8.06);
INSERT INTO orders(oid,shipping_method,shipping_cost) VALUES (357,'UPS',2.81);
INSERT INTO orders(oid,shipping_method,shipping_cost) VALUES (358,'UPS',7.62);
INSERT INTO orders(oid,shipping_method,shipping_cost) VALUES (359,'USPS',1.30);
INSERT INTO orders(oid,shipping_method,shipping_cost) VALUES (360,'FedEx',14.87);
INSERT INTO orders(oid,shipping_method,shipping_cost) VALUES (361,'FedEx',10.03);
INSERT INTO orders(oid,shipping_method,shipping_cost) VALUES (362,'FedEx',9.91);
INSERT INTO orders(oid,shipping_method,shipping_cost) VALUES (363,'USPS',5.66);
INSERT INTO orders(oid,shipping_method,shipping_cost) VALUES (364,'UPS',0.46);
INSERT INTO orders(oid,shipping_method,shipping_cost) VALUES (365,'USPS',13.37);
INSERT INTO orders(oid,shipping_method,shipping_cost) VALUES (366,'USPS',14.62);
INSERT INTO orders(oid,shipping_method,shipping_cost) VALUES (367,'FedEx',5.65);
INSERT INTO orders(oid,shipping_method,shipping_cost) VALUES (368,'FedEx',14.93);
INSERT INTO orders(oid,shipping_method,shipping_cost) VALUES (369,'USPS',14.44);
INSERT INTO orders(oid,shipping_method,shipping_cost) VALUES (370,'UPS',7.35);
INSERT INTO orders(oid,shipping_method,shipping_cost) VALUES (371,'FedEx',4.91);
INSERT INTO orders(oid,shipping_method,shipping_cost) VALUES (372,'USPS',5.11);
INSERT INTO orders(oid,shipping_method,shipping_cost) VALUES (373,'USPS',7.28);
INSERT INTO orders(oid,shipping_method,shipping_cost) VALUES (374,'USPS',8.12);
INSERT INTO orders(oid,shipping_method,shipping_cost) VALUES (375,'UPS',11.58);
INSERT INTO orders(oid,shipping_method,shipping_cost) VALUES (376,'UPS',0.75);
INSERT INTO orders(oid,shipping_method,shipping_cost) VALUES (377,'UPS',8.03);
INSERT INTO orders(oid,shipping_method,shipping_cost) VALUES (378,'UPS',6.32);
INSERT INTO orders(oid,shipping_method,shipping_cost) VALUES (379,'FedEx',12.45);
INSERT INTO orders(oid,shipping_method,shipping_cost) VALUES (380,'UPS',12.72);
INSERT INTO orders(oid,shipping_method,shipping_cost) VALUES (381,'USPS',5.38);
INSERT INTO orders(oid,shipping_method,shipping_cost) VALUES (382,'USPS',8.46);
INSERT INTO orders(oid,shipping_method,shipping_cost) VALUES (383,'UPS',10.80);
INSERT INTO orders(oid,shipping_method,shipping_cost) VALUES (384,'USPS',12.42);
INSERT INTO orders(oid,shipping_method,shipping_cost) VALUES (385,'UPS',14.96);
INSERT INTO orders(oid,shipping_method,shipping_cost) VALUES (386,'USPS',1.51);
INSERT INTO orders(oid,shipping_method,shipping_cost) VALUES (387,'FedEx',5.32);
INSERT INTO orders(oid,shipping_method,shipping_cost) VALUES (388,'USPS',6.26);
INSERT INTO orders(oid,shipping_method,shipping_cost) VALUES (389,'USPS',8.53);
INSERT INTO orders(oid,shipping_method,shipping_cost) VALUES (390,'USPS',10.82);
INSERT INTO orders(oid,shipping_method,shipping_cost) VALUES (391,'UPS',11.87);
INSERT INTO orders(oid,shipping_method,shipping_cost) VALUES (392,'USPS',6.69);
INSERT INTO orders(oid,shipping_method,shipping_cost) VALUES (393,'USPS',5.10);
INSERT INTO orders(oid,shipping_method,shipping_cost) VALUES (394,'FedEx',7.57);
INSERT INTO orders(oid,shipping_method,shipping_cost) VALUES (395,'FedEx',0.78);
INSERT INTO orders(oid,shipping_method,shipping_cost) VALUES (396,'UPS',4.04);
INSERT INTO orders(oid,shipping_method,shipping_cost) VALUES (397,'USPS',5.38);
INSERT INTO orders(oid,shipping_method,shipping_cost) VALUES (398,'FedEx',1.05);
INSERT INTO orders(oid,shipping_method,shipping_cost) VALUES (399,'UPS',2.86);
INSERT INTO orders(oid,shipping_method,shipping_cost) VALUES (400,'USPS',9.23);
INSERT INTO orders(oid,shipping_method,shipping_cost) VALUES (401,'FedEx',4.38);
INSERT INTO orders(oid,shipping_method,shipping_cost) VALUES (402,'USPS',12.98);
INSERT INTO orders(oid,shipping_method,shipping_cost) VALUES (403,'USPS',5.84);
INSERT INTO orders(oid,shipping_method,shipping_cost) VALUES (404,'USPS',5.41);
INSERT INTO orders(oid,shipping_method,shipping_cost) VALUES (405,'FedEx',13.81);
INSERT INTO orders(oid,shipping_method,shipping_cost) VALUES (406,'FedEx',5.10);
INSERT INTO orders(oid,shipping_method,shipping_cost) VALUES (407,'USPS',1.08);
INSERT INTO orders(oid,shipping_method,shipping_cost) VALUES (408,'UPS',9.53);
INSERT INTO orders(oid,shipping_method,shipping_cost) VALUES (409,'FedEx',14.41);
INSERT INTO orders(oid,shipping_method,shipping_cost) VALUES (410,'USPS',5.08);
INSERT INTO orders(oid,shipping_method,shipping_cost) VALUES (411,'USPS',10.62);
INSERT INTO orders(oid,shipping_method,shipping_cost) VALUES (412,'USPS',7.52);
INSERT INTO orders(oid,shipping_method,shipping_cost) VALUES (413,'UPS',11.57);
INSERT INTO orders(oid,shipping_method,shipping_cost) VALUES (414,'FedEx',14.83);
INSERT INTO orders(oid,shipping_method,shipping_cost) VALUES (415,'UPS',2.34);
INSERT INTO orders(oid,shipping_method,shipping_cost) VALUES (416,'USPS',6.39);
INSERT INTO orders(oid,shipping_method,shipping_cost) VALUES (417,'UPS',8.98);
INSERT INTO orders(oid,shipping_method,shipping_cost) VALUES (418,'FedEx',10.78);
INSERT INTO orders(oid,shipping_method,shipping_cost) VALUES (419,'UPS',13.83);
INSERT INTO orders(oid,shipping_method,shipping_cost) VALUES (420,'FedEx',10.35);
INSERT INTO orders(oid,shipping_method,shipping_cost) VALUES (421,'UPS',14.88);
INSERT INTO orders(oid,shipping_method,shipping_cost) VALUES (422,'USPS',0.65);
INSERT INTO orders(oid,shipping_method,shipping_cost) VALUES (423,'FedEx',1.40);
INSERT INTO orders(oid,shipping_method,shipping_cost) VALUES (424,'FedEx',1.77);
INSERT INTO orders(oid,shipping_method,shipping_cost) VALUES (425,'FedEx',11.48);
INSERT INTO orders(oid,shipping_method,shipping_cost) VALUES (426,'UPS',8.42);
INSERT INTO orders(oid,shipping_method,shipping_cost) VALUES (427,'FedEx',3.66);
INSERT INTO orders(oid,shipping_method,shipping_cost) VALUES (428,'UPS',3.25);
INSERT INTO orders(oid,shipping_method,shipping_cost) VALUES (429,'FedEx',10.86);
INSERT INTO orders(oid,shipping_method,shipping_cost) VALUES (430,'UPS',4.31);
INSERT INTO orders(oid,shipping_method,shipping_cost) VALUES (431,'UPS',6.02);
INSERT INTO orders(oid,shipping_method,shipping_cost) VALUES (432,'UPS',14.61);
INSERT INTO orders(oid,shipping_method,shipping_cost) VALUES (433,'FedEx',8.87);
INSERT INTO orders(oid,shipping_method,shipping_cost) VALUES (434,'USPS',10.93);
INSERT INTO orders(oid,shipping_method,shipping_cost) VALUES (435,'FedEx',12.46);
INSERT INTO orders(oid,shipping_method,shipping_cost) VALUES (436,'FedEx',2.97);
INSERT INTO orders(oid,shipping_method,shipping_cost) VALUES (437,'FedEx',14.91);
INSERT INTO orders(oid,shipping_method,shipping_cost) VALUES (438,'USPS',2.03);
INSERT INTO orders(oid,shipping_method,shipping_cost) VALUES (439,'UPS',13.09);
INSERT INTO orders(oid,shipping_method,shipping_cost) VALUES (440,'USPS',14.84);
INSERT INTO orders(oid,shipping_method,shipping_cost) VALUES (441,'USPS',2.18);
INSERT INTO orders(oid,shipping_method,shipping_cost) VALUES (442,'UPS',6.42);
INSERT INTO orders(oid,shipping_method,shipping_cost) VALUES (443,'FedEx',5.56);
INSERT INTO orders(oid,shipping_method,shipping_cost) VALUES (444,'USPS',12.28);
INSERT INTO orders(oid,shipping_method,shipping_cost) VALUES (445,'UPS',4.87);
INSERT INTO orders(oid,shipping_method,shipping_cost) VALUES (446,'USPS',7.28);
INSERT INTO orders(oid,shipping_method,shipping_cost) VALUES (447,'USPS',10.99);
INSERT INTO orders(oid,shipping_method,shipping_cost) VALUES (448,'USPS',11.81);
INSERT INTO orders(oid,shipping_method,shipping_cost) VALUES (449,'USPS',1.10);
INSERT INTO orders(oid,shipping_method,shipping_cost) VALUES (450,'FedEx',9.82);
INSERT INTO orders(oid,shipping_method,shipping_cost) VALUES (451,'USPS',12.52);
INSERT INTO orders(oid,shipping_method,shipping_cost) VALUES (452,'USPS',12.05);
INSERT INTO orders(oid,shipping_method,shipping_cost) VALUES (453,'USPS',10.28);
INSERT INTO orders(oid,shipping_method,shipping_cost) VALUES (454,'UPS',12.22);
INSERT INTO orders(oid,shipping_method,shipping_cost) VALUES (455,'FedEx',6.61);
INSERT INTO orders(oid,shipping_method,shipping_cost) VALUES (456,'FedEx',3.45);
INSERT INTO orders(oid,shipping_method,shipping_cost) VALUES (457,'FedEx',6.49);
INSERT INTO orders(oid,shipping_method,shipping_cost) VALUES (458,'UPS',1.11);
INSERT INTO orders(oid,shipping_method,shipping_cost) VALUES (459,'FedEx',9.07);
INSERT INTO orders(oid,shipping_method,shipping_cost) VALUES (460,'USPS',11.81);
INSERT INTO orders(oid,shipping_method,shipping_cost) VALUES (461,'USPS',0.02);
INSERT INTO orders(oid,shipping_method,shipping_cost) VALUES (462,'UPS',0.07);
INSERT INTO orders(oid,shipping_method,shipping_cost) VALUES (463,'UPS',10.18);
INSERT INTO orders(oid,shipping_method,shipping_cost) VALUES (464,'FedEx',9.69);
INSERT INTO orders(oid,shipping_method,shipping_cost) VALUES (465,'UPS',11.90);
INSERT INTO orders(oid,shipping_method,shipping_cost) VALUES (466,'USPS',14.91);
INSERT INTO orders(oid,shipping_method,shipping_cost) VALUES (467,'UPS',5.04);
INSERT INTO orders(oid,shipping_method,shipping_cost) VALUES (468,'UPS',14.33);
INSERT INTO orders(oid,shipping_method,shipping_cost) VALUES (469,'FedEx',5.75);
INSERT INTO orders(oid,shipping_method,shipping_cost) VALUES (470,'USPS',8.37);
INSERT INTO orders(oid,shipping_method,shipping_cost) VALUES (471,'UPS',5.89);
INSERT INTO orders(oid,shipping_method,shipping_cost) VALUES (472,'UPS',10.64);
INSERT INTO orders(oid,shipping_method,shipping_cost) VALUES (473,'UPS',1.05);
INSERT INTO orders(oid,shipping_method,shipping_cost) VALUES (474,'FedEx',14.02);
INSERT INTO orders(oid,shipping_method,shipping_cost) VALUES (475,'UPS',6.86);
INSERT INTO orders(oid,shipping_method,shipping_cost) VALUES (476,'FedEx',5.52);
INSERT INTO orders(oid,shipping_method,shipping_cost) VALUES (477,'UPS',6.24);
INSERT INTO orders(oid,shipping_method,shipping_cost) VALUES (478,'UPS',1.27);
INSERT INTO orders(oid,shipping_method,shipping_cost) VALUES (479,'UPS',9.99);
INSERT INTO orders(oid,shipping_method,shipping_cost) VALUES (480,'UPS',14.96);
INSERT INTO orders(oid,shipping_method,shipping_cost) VALUES (481,'USPS',1.04);
INSERT INTO orders(oid,shipping_method,shipping_cost) VALUES (482,'USPS',8.43);
INSERT INTO orders(oid,shipping_method,shipping_cost) VALUES (483,'FedEx',4.83);
INSERT INTO orders(oid,shipping_method,shipping_cost) VALUES (484,'USPS',0.29);
INSERT INTO orders(oid,shipping_method,shipping_cost) VALUES (485,'USPS',9.57);
INSERT INTO orders(oid,shipping_method,shipping_cost) VALUES (486,'USPS',4.84);
INSERT INTO orders(oid,shipping_method,shipping_cost) VALUES (487,'UPS',8.53);
INSERT INTO orders(oid,shipping_method,shipping_cost) VALUES (488,'UPS',8.99);
INSERT INTO orders(oid,shipping_method,shipping_cost) VALUES (489,'UPS',10.37);
INSERT INTO orders(oid,shipping_method,shipping_cost) VALUES (490,'FedEx',5.23);
INSERT INTO orders(oid,shipping_method,shipping_cost) VALUES (491,'USPS',13.44);
INSERT INTO orders(oid,shipping_method,shipping_cost) VALUES (492,'USPS',5.31);
INSERT INTO orders(oid,shipping_method,shipping_cost) VALUES (493,'FedEx',4.08);
INSERT INTO orders(oid,shipping_method,shipping_cost) VALUES (494,'USPS',12.23);
INSERT INTO orders(oid,shipping_method,shipping_cost) VALUES (495,'FedEx',12.09);
INSERT INTO orders(oid,shipping_method,shipping_cost) VALUES (496,'UPS',6.77);
INSERT INTO orders(oid,shipping_method,shipping_cost) VALUES (497,'FedEx',0.57);
INSERT INTO orders(oid,shipping_method,shipping_cost) VALUES (498,'UPS',1.50);
INSERT INTO orders(oid,shipping_method,shipping_cost) VALUES (499,'FedEx',0.48);
INSERT INTO orders(oid,shipping_method,shipping_cost) VALUES (500,'UPS',11.76);


CREATE TABLE IF NOT EXISTS contain (
    oid INT NOT NULL,
    pid INT NOT NULL,
    FOREIGN KEY (oid) REFERENCES orders(oid),
    FOREIGN KEY (pid) REFERENCES products(pid)
);

INSERT INTO contain(oid,pid) VALUES (1,11);
INSERT INTO contain(oid,pid) VALUES (1,28);
INSERT INTO contain(oid,pid) VALUES (1,8);
INSERT INTO contain(oid,pid) VALUES (10,16);
INSERT INTO contain(oid,pid) VALUES (10,20);
INSERT INTO contain(oid,pid) VALUES (10,23);
INSERT INTO contain(oid,pid) VALUES (10,25);
INSERT INTO contain(oid,pid) VALUES (10,26);
INSERT INTO contain(oid,pid) VALUES (100,10);
INSERT INTO contain(oid,pid) VALUES (100,21);
INSERT INTO contain(oid,pid) VALUES (101,16);
INSERT INTO contain(oid,pid) VALUES (101,25);
INSERT INTO contain(oid,pid) VALUES (101,30);
INSERT INTO contain(oid,pid) VALUES (101,6);
INSERT INTO contain(oid,pid) VALUES (102,16);
INSERT INTO contain(oid,pid) VALUES (102,23);
INSERT INTO contain(oid,pid) VALUES (103,19);
INSERT INTO contain(oid,pid) VALUES (103,27);
INSERT INTO contain(oid,pid) VALUES (103,29);
INSERT INTO contain(oid,pid) VALUES (104,13);
INSERT INTO contain(oid,pid) VALUES (104,19);
INSERT INTO contain(oid,pid) VALUES (104,25);
INSERT INTO contain(oid,pid) VALUES (105,13);
INSERT INTO contain(oid,pid) VALUES (105,25);
INSERT INTO contain(oid,pid) VALUES (105,26);
INSERT INTO contain(oid,pid) VALUES (105,8);
INSERT INTO contain(oid,pid) VALUES (106,18);
INSERT INTO contain(oid,pid) VALUES (106,2);
INSERT INTO contain(oid,pid) VALUES (106,21);
INSERT INTO contain(oid,pid) VALUES (106,26);
INSERT INTO contain(oid,pid) VALUES (106,30);
INSERT INTO contain(oid,pid) VALUES (106,7);
INSERT INTO contain(oid,pid) VALUES (107,11);
INSERT INTO contain(oid,pid) VALUES (107,14);
INSERT INTO contain(oid,pid) VALUES (107,16);
INSERT INTO contain(oid,pid) VALUES (107,22);
INSERT INTO contain(oid,pid) VALUES (107,8);
INSERT INTO contain(oid,pid) VALUES (108,18);
INSERT INTO contain(oid,pid) VALUES (108,24);
INSERT INTO contain(oid,pid) VALUES (108,26);
INSERT INTO contain(oid,pid) VALUES (108,30);
INSERT INTO contain(oid,pid) VALUES (109,1);
INSERT INTO contain(oid,pid) VALUES (109,16);
INSERT INTO contain(oid,pid) VALUES (109,27);
INSERT INTO contain(oid,pid) VALUES (109,30);
INSERT INTO contain(oid,pid) VALUES (109,6);
INSERT INTO contain(oid,pid) VALUES (109,8);
INSERT INTO contain(oid,pid) VALUES (11,15);
INSERT INTO contain(oid,pid) VALUES (11,18);
INSERT INTO contain(oid,pid) VALUES (110,18);
INSERT INTO contain(oid,pid) VALUES (110,26);
INSERT INTO contain(oid,pid) VALUES (111,23);
INSERT INTO contain(oid,pid) VALUES (111,25);
INSERT INTO contain(oid,pid) VALUES (112,15);
INSERT INTO contain(oid,pid) VALUES (112,3);
INSERT INTO contain(oid,pid) VALUES (112,7);
INSERT INTO contain(oid,pid) VALUES (113,18);
INSERT INTO contain(oid,pid) VALUES (113,2);
INSERT INTO contain(oid,pid) VALUES (113,3);
INSERT INTO contain(oid,pid) VALUES (113,7);
INSERT INTO contain(oid,pid) VALUES (114,10);
INSERT INTO contain(oid,pid) VALUES (114,12);
INSERT INTO contain(oid,pid) VALUES (114,9);
INSERT INTO contain(oid,pid) VALUES (115,12);
INSERT INTO contain(oid,pid) VALUES (115,15);
INSERT INTO contain(oid,pid) VALUES (115,26);
INSERT INTO contain(oid,pid) VALUES (115,28);
INSERT INTO contain(oid,pid) VALUES (116,14);
INSERT INTO contain(oid,pid) VALUES (116,19);
INSERT INTO contain(oid,pid) VALUES (116,2);
INSERT INTO contain(oid,pid) VALUES (116,8);
INSERT INTO contain(oid,pid) VALUES (116,9);
INSERT INTO contain(oid,pid) VALUES (117,21);
INSERT INTO contain(oid,pid) VALUES (117,23);
INSERT INTO contain(oid,pid) VALUES (117,27);
INSERT INTO contain(oid,pid) VALUES (117,9);
INSERT INTO contain(oid,pid) VALUES (118,16);
INSERT INTO contain(oid,pid) VALUES (118,20);
INSERT INTO contain(oid,pid) VALUES (118,25);
INSERT INTO contain(oid,pid) VALUES (118,5);
INSERT INTO contain(oid,pid) VALUES (119,19);
INSERT INTO contain(oid,pid) VALUES (119,25);
INSERT INTO contain(oid,pid) VALUES (119,26);
INSERT INTO contain(oid,pid) VALUES (119,27);
INSERT INTO contain(oid,pid) VALUES (119,7);
INSERT INTO contain(oid,pid) VALUES (12,10);
INSERT INTO contain(oid,pid) VALUES (12,29);
INSERT INTO contain(oid,pid) VALUES (12,4);
INSERT INTO contain(oid,pid) VALUES (120,2);
INSERT INTO contain(oid,pid) VALUES (120,5);
INSERT INTO contain(oid,pid) VALUES (121,11);
INSERT INTO contain(oid,pid) VALUES (121,16);
INSERT INTO contain(oid,pid) VALUES (121,2);
INSERT INTO contain(oid,pid) VALUES (121,26);
INSERT INTO contain(oid,pid) VALUES (121,5);
INSERT INTO contain(oid,pid) VALUES (122,13);
INSERT INTO contain(oid,pid) VALUES (122,14);
INSERT INTO contain(oid,pid) VALUES (122,28);
INSERT INTO contain(oid,pid) VALUES (122,30);
INSERT INTO contain(oid,pid) VALUES (123,12);
INSERT INTO contain(oid,pid) VALUES (123,22);
INSERT INTO contain(oid,pid) VALUES (123,23);
INSERT INTO contain(oid,pid) VALUES (123,26);
INSERT INTO contain(oid,pid) VALUES (123,9);
INSERT INTO contain(oid,pid) VALUES (124,15);
INSERT INTO contain(oid,pid) VALUES (124,27);
INSERT INTO contain(oid,pid) VALUES (125,12);
INSERT INTO contain(oid,pid) VALUES (125,19);
INSERT INTO contain(oid,pid) VALUES (125,20);
INSERT INTO contain(oid,pid) VALUES (125,26);
INSERT INTO contain(oid,pid) VALUES (125,5);
INSERT INTO contain(oid,pid) VALUES (126,1);
INSERT INTO contain(oid,pid) VALUES (126,12);
INSERT INTO contain(oid,pid) VALUES (126,18);
INSERT INTO contain(oid,pid) VALUES (126,22);
INSERT INTO contain(oid,pid) VALUES (126,9);
INSERT INTO contain(oid,pid) VALUES (127,25);
INSERT INTO contain(oid,pid) VALUES (128,15);
INSERT INTO contain(oid,pid) VALUES (129,22);
INSERT INTO contain(oid,pid) VALUES (13,4);
INSERT INTO contain(oid,pid) VALUES (13,8);
INSERT INTO contain(oid,pid) VALUES (130,24);
INSERT INTO contain(oid,pid) VALUES (130,27);
INSERT INTO contain(oid,pid) VALUES (130,9);
INSERT INTO contain(oid,pid) VALUES (131,1);
INSERT INTO contain(oid,pid) VALUES (131,14);
INSERT INTO contain(oid,pid) VALUES (131,19);
INSERT INTO contain(oid,pid) VALUES (131,28);
INSERT INTO contain(oid,pid) VALUES (131,4);
INSERT INTO contain(oid,pid) VALUES (132,18);
INSERT INTO contain(oid,pid) VALUES (132,22);
INSERT INTO contain(oid,pid) VALUES (132,3);
INSERT INTO contain(oid,pid) VALUES (133,18);
INSERT INTO contain(oid,pid) VALUES (133,23);
INSERT INTO contain(oid,pid) VALUES (133,28);
INSERT INTO contain(oid,pid) VALUES (133,29);
INSERT INTO contain(oid,pid) VALUES (133,6);
INSERT INTO contain(oid,pid) VALUES (133,7);
INSERT INTO contain(oid,pid) VALUES (134,21);
INSERT INTO contain(oid,pid) VALUES (134,22);
INSERT INTO contain(oid,pid) VALUES (134,3);
INSERT INTO contain(oid,pid) VALUES (136,12);
INSERT INTO contain(oid,pid) VALUES (136,3);
INSERT INTO contain(oid,pid) VALUES (137,19);
INSERT INTO contain(oid,pid) VALUES (137,8);
INSERT INTO contain(oid,pid) VALUES (138,11);
INSERT INTO contain(oid,pid) VALUES (138,16);
INSERT INTO contain(oid,pid) VALUES (138,26);
INSERT INTO contain(oid,pid) VALUES (138,27);
INSERT INTO contain(oid,pid) VALUES (138,30);
INSERT INTO contain(oid,pid) VALUES (138,7);
INSERT INTO contain(oid,pid) VALUES (138,9);
INSERT INTO contain(oid,pid) VALUES (139,1);
INSERT INTO contain(oid,pid) VALUES (139,15);
INSERT INTO contain(oid,pid) VALUES (139,27);
INSERT INTO contain(oid,pid) VALUES (139,3);
INSERT INTO contain(oid,pid) VALUES (139,30);
INSERT INTO contain(oid,pid) VALUES (139,5);
INSERT INTO contain(oid,pid) VALUES (14,11);
INSERT INTO contain(oid,pid) VALUES (14,26);
INSERT INTO contain(oid,pid) VALUES (140,1);
INSERT INTO contain(oid,pid) VALUES (140,13);
INSERT INTO contain(oid,pid) VALUES (140,17);
INSERT INTO contain(oid,pid) VALUES (140,4);
INSERT INTO contain(oid,pid) VALUES (141,11);
INSERT INTO contain(oid,pid) VALUES (141,25);
INSERT INTO contain(oid,pid) VALUES (141,28);
INSERT INTO contain(oid,pid) VALUES (141,5);
INSERT INTO contain(oid,pid) VALUES (141,6);
INSERT INTO contain(oid,pid) VALUES (142,1);
INSERT INTO contain(oid,pid) VALUES (142,2);
INSERT INTO contain(oid,pid) VALUES (142,20);
INSERT INTO contain(oid,pid) VALUES (142,3);
INSERT INTO contain(oid,pid) VALUES (143,22);
INSERT INTO contain(oid,pid) VALUES (143,6);
INSERT INTO contain(oid,pid) VALUES (144,15);
INSERT INTO contain(oid,pid) VALUES (144,20);
INSERT INTO contain(oid,pid) VALUES (144,24);
INSERT INTO contain(oid,pid) VALUES (144,5);
INSERT INTO contain(oid,pid) VALUES (145,14);
INSERT INTO contain(oid,pid) VALUES (145,5);
INSERT INTO contain(oid,pid) VALUES (145,6);
INSERT INTO contain(oid,pid) VALUES (146,13);
INSERT INTO contain(oid,pid) VALUES (146,21);
INSERT INTO contain(oid,pid) VALUES (146,26);
INSERT INTO contain(oid,pid) VALUES (146,7);
INSERT INTO contain(oid,pid) VALUES (147,11);
INSERT INTO contain(oid,pid) VALUES (147,15);
INSERT INTO contain(oid,pid) VALUES (147,17);
INSERT INTO contain(oid,pid) VALUES (147,2);
INSERT INTO contain(oid,pid) VALUES (147,4);
INSERT INTO contain(oid,pid) VALUES (148,15);
INSERT INTO contain(oid,pid) VALUES (148,2);
INSERT INTO contain(oid,pid) VALUES (148,22);
INSERT INTO contain(oid,pid) VALUES (148,24);
INSERT INTO contain(oid,pid) VALUES (148,3);
INSERT INTO contain(oid,pid) VALUES (149,24);
INSERT INTO contain(oid,pid) VALUES (149,29);
INSERT INTO contain(oid,pid) VALUES (15,11);
INSERT INTO contain(oid,pid) VALUES (15,16);
INSERT INTO contain(oid,pid) VALUES (15,26);
INSERT INTO contain(oid,pid) VALUES (15,5);
INSERT INTO contain(oid,pid) VALUES (150,19);
INSERT INTO contain(oid,pid) VALUES (151,10);
INSERT INTO contain(oid,pid) VALUES (151,13);
INSERT INTO contain(oid,pid) VALUES (151,2);
INSERT INTO contain(oid,pid) VALUES (151,6);
INSERT INTO contain(oid,pid) VALUES (152,19);
INSERT INTO contain(oid,pid) VALUES (152,21);
INSERT INTO contain(oid,pid) VALUES (152,23);
INSERT INTO contain(oid,pid) VALUES (152,30);
INSERT INTO contain(oid,pid) VALUES (152,6);
INSERT INTO contain(oid,pid) VALUES (153,15);
INSERT INTO contain(oid,pid) VALUES (153,17);
INSERT INTO contain(oid,pid) VALUES (153,19);
INSERT INTO contain(oid,pid) VALUES (153,21);
INSERT INTO contain(oid,pid) VALUES (153,22);
INSERT INTO contain(oid,pid) VALUES (153,5);
INSERT INTO contain(oid,pid) VALUES (153,6);
INSERT INTO contain(oid,pid) VALUES (154,2);
INSERT INTO contain(oid,pid) VALUES (154,28);
INSERT INTO contain(oid,pid) VALUES (154,7);
INSERT INTO contain(oid,pid) VALUES (155,17);
INSERT INTO contain(oid,pid) VALUES (155,20);
INSERT INTO contain(oid,pid) VALUES (156,1);
INSERT INTO contain(oid,pid) VALUES (156,17);
INSERT INTO contain(oid,pid) VALUES (156,21);
INSERT INTO contain(oid,pid) VALUES (156,23);
INSERT INTO contain(oid,pid) VALUES (157,13);
INSERT INTO contain(oid,pid) VALUES (157,18);
INSERT INTO contain(oid,pid) VALUES (157,24);
INSERT INTO contain(oid,pid) VALUES (157,30);
INSERT INTO contain(oid,pid) VALUES (157,5);
INSERT INTO contain(oid,pid) VALUES (158,11);
INSERT INTO contain(oid,pid) VALUES (158,13);
INSERT INTO contain(oid,pid) VALUES (158,24);
INSERT INTO contain(oid,pid) VALUES (158,25);
INSERT INTO contain(oid,pid) VALUES (158,26);
INSERT INTO contain(oid,pid) VALUES (158,8);
INSERT INTO contain(oid,pid) VALUES (16,21);
INSERT INTO contain(oid,pid) VALUES (16,28);
INSERT INTO contain(oid,pid) VALUES (160,12);
INSERT INTO contain(oid,pid) VALUES (160,15);
INSERT INTO contain(oid,pid) VALUES (160,24);
INSERT INTO contain(oid,pid) VALUES (160,5);
INSERT INTO contain(oid,pid) VALUES (161,1);
INSERT INTO contain(oid,pid) VALUES (161,21);
INSERT INTO contain(oid,pid) VALUES (161,26);
INSERT INTO contain(oid,pid) VALUES (162,2);
INSERT INTO contain(oid,pid) VALUES (162,26);
INSERT INTO contain(oid,pid) VALUES (163,15);
INSERT INTO contain(oid,pid) VALUES (163,16);
INSERT INTO contain(oid,pid) VALUES (164,10);
INSERT INTO contain(oid,pid) VALUES (164,16);
INSERT INTO contain(oid,pid) VALUES (164,17);
INSERT INTO contain(oid,pid) VALUES (164,24);
INSERT INTO contain(oid,pid) VALUES (164,27);
INSERT INTO contain(oid,pid) VALUES (165,11);
INSERT INTO contain(oid,pid) VALUES (165,13);
INSERT INTO contain(oid,pid) VALUES (165,14);
INSERT INTO contain(oid,pid) VALUES (165,25);
INSERT INTO contain(oid,pid) VALUES (166,13);
INSERT INTO contain(oid,pid) VALUES (166,20);
INSERT INTO contain(oid,pid) VALUES (166,21);
INSERT INTO contain(oid,pid) VALUES (166,29);
INSERT INTO contain(oid,pid) VALUES (167,16);
INSERT INTO contain(oid,pid) VALUES (167,19);
INSERT INTO contain(oid,pid) VALUES (167,8);
INSERT INTO contain(oid,pid) VALUES (168,11);
INSERT INTO contain(oid,pid) VALUES (168,13);
INSERT INTO contain(oid,pid) VALUES (168,2);
INSERT INTO contain(oid,pid) VALUES (169,10);
INSERT INTO contain(oid,pid) VALUES (169,2);
INSERT INTO contain(oid,pid) VALUES (169,3);
INSERT INTO contain(oid,pid) VALUES (169,8);
INSERT INTO contain(oid,pid) VALUES (17,11);
INSERT INTO contain(oid,pid) VALUES (17,13);
INSERT INTO contain(oid,pid) VALUES (17,18);
INSERT INTO contain(oid,pid) VALUES (17,27);
INSERT INTO contain(oid,pid) VALUES (17,28);
INSERT INTO contain(oid,pid) VALUES (17,5);
INSERT INTO contain(oid,pid) VALUES (170,11);
INSERT INTO contain(oid,pid) VALUES (170,22);
INSERT INTO contain(oid,pid) VALUES (171,22);
INSERT INTO contain(oid,pid) VALUES (171,30);
INSERT INTO contain(oid,pid) VALUES (171,7);
INSERT INTO contain(oid,pid) VALUES (172,14);
INSERT INTO contain(oid,pid) VALUES (172,28);
INSERT INTO contain(oid,pid) VALUES (172,29);
INSERT INTO contain(oid,pid) VALUES (173,10);
INSERT INTO contain(oid,pid) VALUES (173,27);
INSERT INTO contain(oid,pid) VALUES (173,3);
INSERT INTO contain(oid,pid) VALUES (173,6);
INSERT INTO contain(oid,pid) VALUES (174,1);
INSERT INTO contain(oid,pid) VALUES (174,15);
INSERT INTO contain(oid,pid) VALUES (174,17);
INSERT INTO contain(oid,pid) VALUES (174,20);
INSERT INTO contain(oid,pid) VALUES (174,5);
INSERT INTO contain(oid,pid) VALUES (175,1);
INSERT INTO contain(oid,pid) VALUES (175,12);
INSERT INTO contain(oid,pid) VALUES (175,19);
INSERT INTO contain(oid,pid) VALUES (175,24);
INSERT INTO contain(oid,pid) VALUES (175,25);
INSERT INTO contain(oid,pid) VALUES (175,28);
INSERT INTO contain(oid,pid) VALUES (175,5);
INSERT INTO contain(oid,pid) VALUES (176,15);
INSERT INTO contain(oid,pid) VALUES (176,17);
INSERT INTO contain(oid,pid) VALUES (176,18);
INSERT INTO contain(oid,pid) VALUES (176,22);
INSERT INTO contain(oid,pid) VALUES (176,27);
INSERT INTO contain(oid,pid) VALUES (176,3);
INSERT INTO contain(oid,pid) VALUES (176,7);
INSERT INTO contain(oid,pid) VALUES (177,2);
INSERT INTO contain(oid,pid) VALUES (177,6);
INSERT INTO contain(oid,pid) VALUES (177,8);
INSERT INTO contain(oid,pid) VALUES (178,1);
INSERT INTO contain(oid,pid) VALUES (178,12);
INSERT INTO contain(oid,pid) VALUES (178,26);
INSERT INTO contain(oid,pid) VALUES (178,5);
INSERT INTO contain(oid,pid) VALUES (179,11);
INSERT INTO contain(oid,pid) VALUES (179,15);
INSERT INTO contain(oid,pid) VALUES (179,20);
INSERT INTO contain(oid,pid) VALUES (179,21);
INSERT INTO contain(oid,pid) VALUES (179,26);
INSERT INTO contain(oid,pid) VALUES (179,3);
INSERT INTO contain(oid,pid) VALUES (18,18);
INSERT INTO contain(oid,pid) VALUES (18,19);
INSERT INTO contain(oid,pid) VALUES (18,29);
INSERT INTO contain(oid,pid) VALUES (180,10);
INSERT INTO contain(oid,pid) VALUES (180,23);
INSERT INTO contain(oid,pid) VALUES (181,11);
INSERT INTO contain(oid,pid) VALUES (181,13);
INSERT INTO contain(oid,pid) VALUES (181,20);
INSERT INTO contain(oid,pid) VALUES (181,8);
INSERT INTO contain(oid,pid) VALUES (182,12);
INSERT INTO contain(oid,pid) VALUES (182,2);
INSERT INTO contain(oid,pid) VALUES (182,3);
INSERT INTO contain(oid,pid) VALUES (182,6);
INSERT INTO contain(oid,pid) VALUES (182,8);
INSERT INTO contain(oid,pid) VALUES (183,1);
INSERT INTO contain(oid,pid) VALUES (183,15);
INSERT INTO contain(oid,pid) VALUES (183,19);
INSERT INTO contain(oid,pid) VALUES (183,21);
INSERT INTO contain(oid,pid) VALUES (183,29);
INSERT INTO contain(oid,pid) VALUES (184,4);
INSERT INTO contain(oid,pid) VALUES (184,9);
INSERT INTO contain(oid,pid) VALUES (185,11);
INSERT INTO contain(oid,pid) VALUES (185,26);
INSERT INTO contain(oid,pid) VALUES (186,14);
INSERT INTO contain(oid,pid) VALUES (186,19);
INSERT INTO contain(oid,pid) VALUES (186,20);
INSERT INTO contain(oid,pid) VALUES (186,26);
INSERT INTO contain(oid,pid) VALUES (186,9);
INSERT INTO contain(oid,pid) VALUES (188,1);
INSERT INTO contain(oid,pid) VALUES (188,13);
INSERT INTO contain(oid,pid) VALUES (189,15);
INSERT INTO contain(oid,pid) VALUES (189,2);
INSERT INTO contain(oid,pid) VALUES (189,25);
INSERT INTO contain(oid,pid) VALUES (189,27);
INSERT INTO contain(oid,pid) VALUES (189,28);
INSERT INTO contain(oid,pid) VALUES (189,7);
INSERT INTO contain(oid,pid) VALUES (19,1);
INSERT INTO contain(oid,pid) VALUES (19,18);
INSERT INTO contain(oid,pid) VALUES (19,4);
INSERT INTO contain(oid,pid) VALUES (19,6);
INSERT INTO contain(oid,pid) VALUES (190,11);
INSERT INTO contain(oid,pid) VALUES (190,15);
INSERT INTO contain(oid,pid) VALUES (190,19);
INSERT INTO contain(oid,pid) VALUES (190,26);
INSERT INTO contain(oid,pid) VALUES (190,3);
INSERT INTO contain(oid,pid) VALUES (190,5);
INSERT INTO contain(oid,pid) VALUES (190,8);
INSERT INTO contain(oid,pid) VALUES (191,12);
INSERT INTO contain(oid,pid) VALUES (191,22);
INSERT INTO contain(oid,pid) VALUES (191,27);
INSERT INTO contain(oid,pid) VALUES (191,28);
INSERT INTO contain(oid,pid) VALUES (191,8);
INSERT INTO contain(oid,pid) VALUES (192,13);
INSERT INTO contain(oid,pid) VALUES (192,15);
INSERT INTO contain(oid,pid) VALUES (192,17);
INSERT INTO contain(oid,pid) VALUES (192,21);
INSERT INTO contain(oid,pid) VALUES (193,24);
INSERT INTO contain(oid,pid) VALUES (193,6);
INSERT INTO contain(oid,pid) VALUES (193,8);
INSERT INTO contain(oid,pid) VALUES (194,14);
INSERT INTO contain(oid,pid) VALUES (194,21);
INSERT INTO contain(oid,pid) VALUES (194,22);
INSERT INTO contain(oid,pid) VALUES (194,25);
INSERT INTO contain(oid,pid) VALUES (194,28);
INSERT INTO contain(oid,pid) VALUES (194,30);
INSERT INTO contain(oid,pid) VALUES (195,13);
INSERT INTO contain(oid,pid) VALUES (195,14);
INSERT INTO contain(oid,pid) VALUES (195,18);
INSERT INTO contain(oid,pid) VALUES (195,23);
INSERT INTO contain(oid,pid) VALUES (195,3);
INSERT INTO contain(oid,pid) VALUES (195,4);
INSERT INTO contain(oid,pid) VALUES (196,14);
INSERT INTO contain(oid,pid) VALUES (196,23);
INSERT INTO contain(oid,pid) VALUES (196,26);
INSERT INTO contain(oid,pid) VALUES (196,28);
INSERT INTO contain(oid,pid) VALUES (196,4);
INSERT INTO contain(oid,pid) VALUES (197,18);
INSERT INTO contain(oid,pid) VALUES (198,2);
INSERT INTO contain(oid,pid) VALUES (198,28);
INSERT INTO contain(oid,pid) VALUES (198,3);
INSERT INTO contain(oid,pid) VALUES (198,5);
INSERT INTO contain(oid,pid) VALUES (199,6);
INSERT INTO contain(oid,pid) VALUES (199,8);
INSERT INTO contain(oid,pid) VALUES (2,12);
INSERT INTO contain(oid,pid) VALUES (2,27);
INSERT INTO contain(oid,pid) VALUES (2,28);
INSERT INTO contain(oid,pid) VALUES (20,1);
INSERT INTO contain(oid,pid) VALUES (20,22);
INSERT INTO contain(oid,pid) VALUES (20,8);
INSERT INTO contain(oid,pid) VALUES (200,11);
INSERT INTO contain(oid,pid) VALUES (200,13);
INSERT INTO contain(oid,pid) VALUES (202,14);
INSERT INTO contain(oid,pid) VALUES (202,15);
INSERT INTO contain(oid,pid) VALUES (202,17);
INSERT INTO contain(oid,pid) VALUES (202,23);
INSERT INTO contain(oid,pid) VALUES (202,26);
INSERT INTO contain(oid,pid) VALUES (202,7);
INSERT INTO contain(oid,pid) VALUES (203,13);
INSERT INTO contain(oid,pid) VALUES (203,23);
INSERT INTO contain(oid,pid) VALUES (203,7);
INSERT INTO contain(oid,pid) VALUES (204,16);
INSERT INTO contain(oid,pid) VALUES (204,30);
INSERT INTO contain(oid,pid) VALUES (205,1);
INSERT INTO contain(oid,pid) VALUES (205,17);
INSERT INTO contain(oid,pid) VALUES (206,16);
INSERT INTO contain(oid,pid) VALUES (206,17);
INSERT INTO contain(oid,pid) VALUES (206,28);
INSERT INTO contain(oid,pid) VALUES (207,11);
INSERT INTO contain(oid,pid) VALUES (207,13);
INSERT INTO contain(oid,pid) VALUES (207,18);
INSERT INTO contain(oid,pid) VALUES (207,2);
INSERT INTO contain(oid,pid) VALUES (207,3);
INSERT INTO contain(oid,pid) VALUES (207,9);
INSERT INTO contain(oid,pid) VALUES (208,22);
INSERT INTO contain(oid,pid) VALUES (208,26);
INSERT INTO contain(oid,pid) VALUES (208,28);
INSERT INTO contain(oid,pid) VALUES (209,1);
INSERT INTO contain(oid,pid) VALUES (209,12);
INSERT INTO contain(oid,pid) VALUES (209,23);
INSERT INTO contain(oid,pid) VALUES (209,26);
INSERT INTO contain(oid,pid) VALUES (209,8);
INSERT INTO contain(oid,pid) VALUES (21,12);
INSERT INTO contain(oid,pid) VALUES (21,19);
INSERT INTO contain(oid,pid) VALUES (21,20);
INSERT INTO contain(oid,pid) VALUES (21,25);
INSERT INTO contain(oid,pid) VALUES (21,29);
INSERT INTO contain(oid,pid) VALUES (21,30);
INSERT INTO contain(oid,pid) VALUES (210,1);
INSERT INTO contain(oid,pid) VALUES (210,11);
INSERT INTO contain(oid,pid) VALUES (210,13);
INSERT INTO contain(oid,pid) VALUES (210,26);
INSERT INTO contain(oid,pid) VALUES (210,27);
INSERT INTO contain(oid,pid) VALUES (210,30);
INSERT INTO contain(oid,pid) VALUES (210,7);
INSERT INTO contain(oid,pid) VALUES (211,16);
INSERT INTO contain(oid,pid) VALUES (211,19);
INSERT INTO contain(oid,pid) VALUES (211,23);
INSERT INTO contain(oid,pid) VALUES (211,24);
INSERT INTO contain(oid,pid) VALUES (211,25);
INSERT INTO contain(oid,pid) VALUES (212,1);
INSERT INTO contain(oid,pid) VALUES (212,14);
INSERT INTO contain(oid,pid) VALUES (212,21);
INSERT INTO contain(oid,pid) VALUES (212,28);
INSERT INTO contain(oid,pid) VALUES (212,4);
INSERT INTO contain(oid,pid) VALUES (213,19);
INSERT INTO contain(oid,pid) VALUES (213,22);
INSERT INTO contain(oid,pid) VALUES (213,4);
INSERT INTO contain(oid,pid) VALUES (214,12);
INSERT INTO contain(oid,pid) VALUES (214,16);
INSERT INTO contain(oid,pid) VALUES (214,17);
INSERT INTO contain(oid,pid) VALUES (214,24);
INSERT INTO contain(oid,pid) VALUES (214,4);
INSERT INTO contain(oid,pid) VALUES (214,6);
INSERT INTO contain(oid,pid) VALUES (215,2);
INSERT INTO contain(oid,pid) VALUES (215,8);
INSERT INTO contain(oid,pid) VALUES (216,12);
INSERT INTO contain(oid,pid) VALUES (216,13);
INSERT INTO contain(oid,pid) VALUES (216,20);
INSERT INTO contain(oid,pid) VALUES (216,21);
INSERT INTO contain(oid,pid) VALUES (216,23);
INSERT INTO contain(oid,pid) VALUES (216,6);
INSERT INTO contain(oid,pid) VALUES (216,8);
INSERT INTO contain(oid,pid) VALUES (217,12);
INSERT INTO contain(oid,pid) VALUES (217,14);
INSERT INTO contain(oid,pid) VALUES (217,16);
INSERT INTO contain(oid,pid) VALUES (217,25);
INSERT INTO contain(oid,pid) VALUES (217,7);
INSERT INTO contain(oid,pid) VALUES (218,14);
INSERT INTO contain(oid,pid) VALUES (218,15);
INSERT INTO contain(oid,pid) VALUES (218,29);
INSERT INTO contain(oid,pid) VALUES (218,9);
INSERT INTO contain(oid,pid) VALUES (219,21);
INSERT INTO contain(oid,pid) VALUES (219,23);
INSERT INTO contain(oid,pid) VALUES (219,30);
INSERT INTO contain(oid,pid) VALUES (22,19);
INSERT INTO contain(oid,pid) VALUES (22,6);
INSERT INTO contain(oid,pid) VALUES (220,15);
INSERT INTO contain(oid,pid) VALUES (220,2);
INSERT INTO contain(oid,pid) VALUES (221,10);
INSERT INTO contain(oid,pid) VALUES (221,14);
INSERT INTO contain(oid,pid) VALUES (221,18);
INSERT INTO contain(oid,pid) VALUES (221,2);
INSERT INTO contain(oid,pid) VALUES (221,21);
INSERT INTO contain(oid,pid) VALUES (221,29);
INSERT INTO contain(oid,pid) VALUES (221,9);
INSERT INTO contain(oid,pid) VALUES (222,14);
INSERT INTO contain(oid,pid) VALUES (222,16);
INSERT INTO contain(oid,pid) VALUES (222,25);
INSERT INTO contain(oid,pid) VALUES (222,5);
INSERT INTO contain(oid,pid) VALUES (223,16);
INSERT INTO contain(oid,pid) VALUES (223,19);
INSERT INTO contain(oid,pid) VALUES (223,4);
INSERT INTO contain(oid,pid) VALUES (224,1);
INSERT INTO contain(oid,pid) VALUES (224,7);
INSERT INTO contain(oid,pid) VALUES (225,22);
INSERT INTO contain(oid,pid) VALUES (225,30);
INSERT INTO contain(oid,pid) VALUES (225,8);
INSERT INTO contain(oid,pid) VALUES (225,9);
INSERT INTO contain(oid,pid) VALUES (226,12);
INSERT INTO contain(oid,pid) VALUES (226,18);
INSERT INTO contain(oid,pid) VALUES (226,19);
INSERT INTO contain(oid,pid) VALUES (226,24);
INSERT INTO contain(oid,pid) VALUES (226,4);
INSERT INTO contain(oid,pid) VALUES (227,18);
INSERT INTO contain(oid,pid) VALUES (227,26);
INSERT INTO contain(oid,pid) VALUES (227,6);
INSERT INTO contain(oid,pid) VALUES (228,17);
INSERT INTO contain(oid,pid) VALUES (228,23);
INSERT INTO contain(oid,pid) VALUES (229,17);
INSERT INTO contain(oid,pid) VALUES (229,4);
INSERT INTO contain(oid,pid) VALUES (23,1);
INSERT INTO contain(oid,pid) VALUES (23,11);
INSERT INTO contain(oid,pid) VALUES (23,14);
INSERT INTO contain(oid,pid) VALUES (23,15);
INSERT INTO contain(oid,pid) VALUES (23,18);
INSERT INTO contain(oid,pid) VALUES (23,20);
INSERT INTO contain(oid,pid) VALUES (23,25);
INSERT INTO contain(oid,pid) VALUES (23,27);
INSERT INTO contain(oid,pid) VALUES (230,10);
INSERT INTO contain(oid,pid) VALUES (230,24);
INSERT INTO contain(oid,pid) VALUES (230,27);
INSERT INTO contain(oid,pid) VALUES (230,3);
INSERT INTO contain(oid,pid) VALUES (230,6);
INSERT INTO contain(oid,pid) VALUES (231,16);
INSERT INTO contain(oid,pid) VALUES (231,19);
INSERT INTO contain(oid,pid) VALUES (231,21);
INSERT INTO contain(oid,pid) VALUES (231,26);
INSERT INTO contain(oid,pid) VALUES (231,29);
INSERT INTO contain(oid,pid) VALUES (231,9);
INSERT INTO contain(oid,pid) VALUES (232,13);
INSERT INTO contain(oid,pid) VALUES (232,21);
INSERT INTO contain(oid,pid) VALUES (233,23);
INSERT INTO contain(oid,pid) VALUES (234,14);
INSERT INTO contain(oid,pid) VALUES (234,20);
INSERT INTO contain(oid,pid) VALUES (234,21);
INSERT INTO contain(oid,pid) VALUES (234,7);
INSERT INTO contain(oid,pid) VALUES (235,16);
INSERT INTO contain(oid,pid) VALUES (235,17);
INSERT INTO contain(oid,pid) VALUES (235,21);
INSERT INTO contain(oid,pid) VALUES (235,22);
INSERT INTO contain(oid,pid) VALUES (235,27);
INSERT INTO contain(oid,pid) VALUES (235,8);
INSERT INTO contain(oid,pid) VALUES (236,18);
INSERT INTO contain(oid,pid) VALUES (236,28);
INSERT INTO contain(oid,pid) VALUES (236,6);
INSERT INTO contain(oid,pid) VALUES (237,1);
INSERT INTO contain(oid,pid) VALUES (237,17);
INSERT INTO contain(oid,pid) VALUES (237,20);
INSERT INTO contain(oid,pid) VALUES (237,21);
INSERT INTO contain(oid,pid) VALUES (237,30);
INSERT INTO contain(oid,pid) VALUES (237,8);
INSERT INTO contain(oid,pid) VALUES (238,14);
INSERT INTO contain(oid,pid) VALUES (238,2);
INSERT INTO contain(oid,pid) VALUES (238,25);
INSERT INTO contain(oid,pid) VALUES (238,29);
INSERT INTO contain(oid,pid) VALUES (238,3);
INSERT INTO contain(oid,pid) VALUES (238,5);
INSERT INTO contain(oid,pid) VALUES (239,28);
INSERT INTO contain(oid,pid) VALUES (239,9);
INSERT INTO contain(oid,pid) VALUES (24,11);
INSERT INTO contain(oid,pid) VALUES (24,27);
INSERT INTO contain(oid,pid) VALUES (24,30);
INSERT INTO contain(oid,pid) VALUES (240,1);
INSERT INTO contain(oid,pid) VALUES (240,18);
INSERT INTO contain(oid,pid) VALUES (240,2);
INSERT INTO contain(oid,pid) VALUES (240,20);
INSERT INTO contain(oid,pid) VALUES (240,27);
INSERT INTO contain(oid,pid) VALUES (241,2);
INSERT INTO contain(oid,pid) VALUES (241,25);
INSERT INTO contain(oid,pid) VALUES (242,10);
INSERT INTO contain(oid,pid) VALUES (242,15);
INSERT INTO contain(oid,pid) VALUES (242,23);
INSERT INTO contain(oid,pid) VALUES (242,4);
INSERT INTO contain(oid,pid) VALUES (243,24);
INSERT INTO contain(oid,pid) VALUES (244,16);
INSERT INTO contain(oid,pid) VALUES (245,13);
INSERT INTO contain(oid,pid) VALUES (245,18);
INSERT INTO contain(oid,pid) VALUES (245,22);
INSERT INTO contain(oid,pid) VALUES (245,25);
INSERT INTO contain(oid,pid) VALUES (245,8);
INSERT INTO contain(oid,pid) VALUES (246,19);
INSERT INTO contain(oid,pid) VALUES (247,1);
INSERT INTO contain(oid,pid) VALUES (247,15);
INSERT INTO contain(oid,pid) VALUES (247,19);
INSERT INTO contain(oid,pid) VALUES (247,7);
INSERT INTO contain(oid,pid) VALUES (248,14);
INSERT INTO contain(oid,pid) VALUES (248,16);
INSERT INTO contain(oid,pid) VALUES (248,21);
INSERT INTO contain(oid,pid) VALUES (249,10);
INSERT INTO contain(oid,pid) VALUES (249,12);
INSERT INTO contain(oid,pid) VALUES (249,29);
INSERT INTO contain(oid,pid) VALUES (25,12);
INSERT INTO contain(oid,pid) VALUES (25,22);
INSERT INTO contain(oid,pid) VALUES (25,26);
INSERT INTO contain(oid,pid) VALUES (25,29);
INSERT INTO contain(oid,pid) VALUES (25,7);
INSERT INTO contain(oid,pid) VALUES (250,14);
INSERT INTO contain(oid,pid) VALUES (250,15);
INSERT INTO contain(oid,pid) VALUES (250,18);
INSERT INTO contain(oid,pid) VALUES (250,22);
INSERT INTO contain(oid,pid) VALUES (250,28);
INSERT INTO contain(oid,pid) VALUES (251,10);
INSERT INTO contain(oid,pid) VALUES (251,29);
INSERT INTO contain(oid,pid) VALUES (252,1);
INSERT INTO contain(oid,pid) VALUES (252,14);
INSERT INTO contain(oid,pid) VALUES (252,17);
INSERT INTO contain(oid,pid) VALUES (252,30);
INSERT INTO contain(oid,pid) VALUES (252,7);
INSERT INTO contain(oid,pid) VALUES (253,10);
INSERT INTO contain(oid,pid) VALUES (253,6);
INSERT INTO contain(oid,pid) VALUES (254,22);
INSERT INTO contain(oid,pid) VALUES (254,26);
INSERT INTO contain(oid,pid) VALUES (255,5);
INSERT INTO contain(oid,pid) VALUES (256,12);
INSERT INTO contain(oid,pid) VALUES (256,6);
INSERT INTO contain(oid,pid) VALUES (256,9);
INSERT INTO contain(oid,pid) VALUES (258,13);
INSERT INTO contain(oid,pid) VALUES (258,29);
INSERT INTO contain(oid,pid) VALUES (258,7);
INSERT INTO contain(oid,pid) VALUES (258,9);
INSERT INTO contain(oid,pid) VALUES (259,11);
INSERT INTO contain(oid,pid) VALUES (259,17);
INSERT INTO contain(oid,pid) VALUES (259,20);
INSERT INTO contain(oid,pid) VALUES (259,22);
INSERT INTO contain(oid,pid) VALUES (259,30);
INSERT INTO contain(oid,pid) VALUES (259,9);
INSERT INTO contain(oid,pid) VALUES (26,17);
INSERT INTO contain(oid,pid) VALUES (260,11);
INSERT INTO contain(oid,pid) VALUES (260,17);
INSERT INTO contain(oid,pid) VALUES (260,2);
INSERT INTO contain(oid,pid) VALUES (260,5);
INSERT INTO contain(oid,pid) VALUES (260,7);
INSERT INTO contain(oid,pid) VALUES (261,23);
INSERT INTO contain(oid,pid) VALUES (261,27);
INSERT INTO contain(oid,pid) VALUES (262,20);
INSERT INTO contain(oid,pid) VALUES (262,21);
INSERT INTO contain(oid,pid) VALUES (262,23);
INSERT INTO contain(oid,pid) VALUES (262,25);
INSERT INTO contain(oid,pid) VALUES (262,28);
INSERT INTO contain(oid,pid) VALUES (262,30);
INSERT INTO contain(oid,pid) VALUES (263,1);
INSERT INTO contain(oid,pid) VALUES (263,13);
INSERT INTO contain(oid,pid) VALUES (263,14);
INSERT INTO contain(oid,pid) VALUES (263,19);
INSERT INTO contain(oid,pid) VALUES (263,25);
INSERT INTO contain(oid,pid) VALUES (263,3);
INSERT INTO contain(oid,pid) VALUES (264,21);
INSERT INTO contain(oid,pid) VALUES (264,4);
INSERT INTO contain(oid,pid) VALUES (265,11);
INSERT INTO contain(oid,pid) VALUES (265,21);
INSERT INTO contain(oid,pid) VALUES (265,27);
INSERT INTO contain(oid,pid) VALUES (266,1);
INSERT INTO contain(oid,pid) VALUES (266,19);
INSERT INTO contain(oid,pid) VALUES (266,2);
INSERT INTO contain(oid,pid) VALUES (266,20);
INSERT INTO contain(oid,pid) VALUES (266,21);
INSERT INTO contain(oid,pid) VALUES (266,25);
INSERT INTO contain(oid,pid) VALUES (266,5);
INSERT INTO contain(oid,pid) VALUES (267,10);
INSERT INTO contain(oid,pid) VALUES (267,14);
INSERT INTO contain(oid,pid) VALUES (267,7);
INSERT INTO contain(oid,pid) VALUES (268,14);
INSERT INTO contain(oid,pid) VALUES (268,15);
INSERT INTO contain(oid,pid) VALUES (268,16);
INSERT INTO contain(oid,pid) VALUES (268,2);
INSERT INTO contain(oid,pid) VALUES (268,21);
INSERT INTO contain(oid,pid) VALUES (268,30);
INSERT INTO contain(oid,pid) VALUES (269,17);
INSERT INTO contain(oid,pid) VALUES (269,22);
INSERT INTO contain(oid,pid) VALUES (269,27);
INSERT INTO contain(oid,pid) VALUES (269,29);
INSERT INTO contain(oid,pid) VALUES (269,30);
INSERT INTO contain(oid,pid) VALUES (269,4);
INSERT INTO contain(oid,pid) VALUES (269,5);
INSERT INTO contain(oid,pid) VALUES (270,21);
INSERT INTO contain(oid,pid) VALUES (270,26);
INSERT INTO contain(oid,pid) VALUES (270,3);
INSERT INTO contain(oid,pid) VALUES (270,6);
INSERT INTO contain(oid,pid) VALUES (271,2);
INSERT INTO contain(oid,pid) VALUES (271,23);
INSERT INTO contain(oid,pid) VALUES (271,28);
INSERT INTO contain(oid,pid) VALUES (271,5);
INSERT INTO contain(oid,pid) VALUES (272,25);
INSERT INTO contain(oid,pid) VALUES (273,10);
INSERT INTO contain(oid,pid) VALUES (273,16);
INSERT INTO contain(oid,pid) VALUES (273,18);
INSERT INTO contain(oid,pid) VALUES (273,7);
INSERT INTO contain(oid,pid) VALUES (274,11);
INSERT INTO contain(oid,pid) VALUES (274,12);
INSERT INTO contain(oid,pid) VALUES (274,13);
INSERT INTO contain(oid,pid) VALUES (274,17);
INSERT INTO contain(oid,pid) VALUES (274,19);
INSERT INTO contain(oid,pid) VALUES (274,25);
INSERT INTO contain(oid,pid) VALUES (274,28);
INSERT INTO contain(oid,pid) VALUES (274,5);
INSERT INTO contain(oid,pid) VALUES (274,6);
INSERT INTO contain(oid,pid) VALUES (275,26);
INSERT INTO contain(oid,pid) VALUES (275,6);
INSERT INTO contain(oid,pid) VALUES (276,1);
INSERT INTO contain(oid,pid) VALUES (276,16);
INSERT INTO contain(oid,pid) VALUES (276,20);
INSERT INTO contain(oid,pid) VALUES (276,6);
INSERT INTO contain(oid,pid) VALUES (277,1);
INSERT INTO contain(oid,pid) VALUES (277,30);
INSERT INTO contain(oid,pid) VALUES (277,5);
INSERT INTO contain(oid,pid) VALUES (277,6);
INSERT INTO contain(oid,pid) VALUES (278,14);
INSERT INTO contain(oid,pid) VALUES (278,16);
INSERT INTO contain(oid,pid) VALUES (279,6);
INSERT INTO contain(oid,pid) VALUES (279,9);
INSERT INTO contain(oid,pid) VALUES (28,10);
INSERT INTO contain(oid,pid) VALUES (28,27);
INSERT INTO contain(oid,pid) VALUES (28,5);
INSERT INTO contain(oid,pid) VALUES (280,12);
INSERT INTO contain(oid,pid) VALUES (280,27);
INSERT INTO contain(oid,pid) VALUES (280,4);
INSERT INTO contain(oid,pid) VALUES (281,1);
INSERT INTO contain(oid,pid) VALUES (281,17);
INSERT INTO contain(oid,pid) VALUES (281,21);
INSERT INTO contain(oid,pid) VALUES (281,28);
INSERT INTO contain(oid,pid) VALUES (281,8);
INSERT INTO contain(oid,pid) VALUES (282,17);
INSERT INTO contain(oid,pid) VALUES (282,19);
INSERT INTO contain(oid,pid) VALUES (282,2);
INSERT INTO contain(oid,pid) VALUES (282,22);
INSERT INTO contain(oid,pid) VALUES (282,29);
INSERT INTO contain(oid,pid) VALUES (282,8);
INSERT INTO contain(oid,pid) VALUES (283,22);
INSERT INTO contain(oid,pid) VALUES (283,24);
INSERT INTO contain(oid,pid) VALUES (283,26);
INSERT INTO contain(oid,pid) VALUES (283,4);
INSERT INTO contain(oid,pid) VALUES (284,1);
INSERT INTO contain(oid,pid) VALUES (284,15);
INSERT INTO contain(oid,pid) VALUES (284,18);
INSERT INTO contain(oid,pid) VALUES (284,9);
INSERT INTO contain(oid,pid) VALUES (285,19);
INSERT INTO contain(oid,pid) VALUES (285,24);
INSERT INTO contain(oid,pid) VALUES (285,29);
INSERT INTO contain(oid,pid) VALUES (285,4);
INSERT INTO contain(oid,pid) VALUES (285,7);
INSERT INTO contain(oid,pid) VALUES (286,25);
INSERT INTO contain(oid,pid) VALUES (286,4);
INSERT INTO contain(oid,pid) VALUES (287,12);
INSERT INTO contain(oid,pid) VALUES (287,18);
INSERT INTO contain(oid,pid) VALUES (287,20);
INSERT INTO contain(oid,pid) VALUES (287,25);
INSERT INTO contain(oid,pid) VALUES (287,4);
INSERT INTO contain(oid,pid) VALUES (288,13);
INSERT INTO contain(oid,pid) VALUES (288,3);
INSERT INTO contain(oid,pid) VALUES (288,6);
INSERT INTO contain(oid,pid) VALUES (288,8);
INSERT INTO contain(oid,pid) VALUES (289,13);
INSERT INTO contain(oid,pid) VALUES (289,14);
INSERT INTO contain(oid,pid) VALUES (289,22);
INSERT INTO contain(oid,pid) VALUES (289,25);
INSERT INTO contain(oid,pid) VALUES (289,26);
INSERT INTO contain(oid,pid) VALUES (289,27);
INSERT INTO contain(oid,pid) VALUES (289,3);
INSERT INTO contain(oid,pid) VALUES (289,30);
INSERT INTO contain(oid,pid) VALUES (289,5);
INSERT INTO contain(oid,pid) VALUES (289,6);
INSERT INTO contain(oid,pid) VALUES (289,9);
INSERT INTO contain(oid,pid) VALUES (29,21);
INSERT INTO contain(oid,pid) VALUES (290,10);
INSERT INTO contain(oid,pid) VALUES (290,15);
INSERT INTO contain(oid,pid) VALUES (290,28);
INSERT INTO contain(oid,pid) VALUES (291,10);
INSERT INTO contain(oid,pid) VALUES (291,25);
INSERT INTO contain(oid,pid) VALUES (292,1);
INSERT INTO contain(oid,pid) VALUES (292,15);
INSERT INTO contain(oid,pid) VALUES (292,18);
INSERT INTO contain(oid,pid) VALUES (292,2);
INSERT INTO contain(oid,pid) VALUES (292,22);
INSERT INTO contain(oid,pid) VALUES (292,23);
INSERT INTO contain(oid,pid) VALUES (293,2);
INSERT INTO contain(oid,pid) VALUES (294,17);
INSERT INTO contain(oid,pid) VALUES (294,21);
INSERT INTO contain(oid,pid) VALUES (294,30);
INSERT INTO contain(oid,pid) VALUES (296,13);
INSERT INTO contain(oid,pid) VALUES (296,15);
INSERT INTO contain(oid,pid) VALUES (297,17);
INSERT INTO contain(oid,pid) VALUES (297,23);
INSERT INTO contain(oid,pid) VALUES (297,4);
INSERT INTO contain(oid,pid) VALUES (298,27);
INSERT INTO contain(oid,pid) VALUES (298,30);
INSERT INTO contain(oid,pid) VALUES (298,4);
INSERT INTO contain(oid,pid) VALUES (298,6);
INSERT INTO contain(oid,pid) VALUES (298,7);
INSERT INTO contain(oid,pid) VALUES (299,18);
INSERT INTO contain(oid,pid) VALUES (299,19);
INSERT INTO contain(oid,pid) VALUES (299,21);
INSERT INTO contain(oid,pid) VALUES (299,25);
INSERT INTO contain(oid,pid) VALUES (299,5);
INSERT INTO contain(oid,pid) VALUES (299,6);
INSERT INTO contain(oid,pid) VALUES (299,9);
INSERT INTO contain(oid,pid) VALUES (3,23);
INSERT INTO contain(oid,pid) VALUES (3,25);
INSERT INTO contain(oid,pid) VALUES (3,7);
INSERT INTO contain(oid,pid) VALUES (3,9);
INSERT INTO contain(oid,pid) VALUES (30,12);
INSERT INTO contain(oid,pid) VALUES (30,14);
INSERT INTO contain(oid,pid) VALUES (30,8);
INSERT INTO contain(oid,pid) VALUES (300,15);
INSERT INTO contain(oid,pid) VALUES (300,18);
INSERT INTO contain(oid,pid) VALUES (301,12);
INSERT INTO contain(oid,pid) VALUES (301,14);
INSERT INTO contain(oid,pid) VALUES (301,3);
INSERT INTO contain(oid,pid) VALUES (301,30);
INSERT INTO contain(oid,pid) VALUES (302,11);
INSERT INTO contain(oid,pid) VALUES (302,14);
INSERT INTO contain(oid,pid) VALUES (302,2);
INSERT INTO contain(oid,pid) VALUES (302,27);
INSERT INTO contain(oid,pid) VALUES (302,6);
INSERT INTO contain(oid,pid) VALUES (302,9);
INSERT INTO contain(oid,pid) VALUES (303,28);
INSERT INTO contain(oid,pid) VALUES (303,30);
INSERT INTO contain(oid,pid) VALUES (304,1);
INSERT INTO contain(oid,pid) VALUES (304,13);
INSERT INTO contain(oid,pid) VALUES (304,25);
INSERT INTO contain(oid,pid) VALUES (304,30);
INSERT INTO contain(oid,pid) VALUES (304,5);
INSERT INTO contain(oid,pid) VALUES (304,8);
INSERT INTO contain(oid,pid) VALUES (305,14);
INSERT INTO contain(oid,pid) VALUES (305,15);
INSERT INTO contain(oid,pid) VALUES (305,6);
INSERT INTO contain(oid,pid) VALUES (305,8);
INSERT INTO contain(oid,pid) VALUES (306,15);
INSERT INTO contain(oid,pid) VALUES (306,18);
INSERT INTO contain(oid,pid) VALUES (306,8);
INSERT INTO contain(oid,pid) VALUES (306,9);
INSERT INTO contain(oid,pid) VALUES (307,12);
INSERT INTO contain(oid,pid) VALUES (307,15);
INSERT INTO contain(oid,pid) VALUES (307,23);
INSERT INTO contain(oid,pid) VALUES (307,26);
INSERT INTO contain(oid,pid) VALUES (307,4);
INSERT INTO contain(oid,pid) VALUES (308,10);
INSERT INTO contain(oid,pid) VALUES (308,15);
INSERT INTO contain(oid,pid) VALUES (309,1);
INSERT INTO contain(oid,pid) VALUES (309,11);
INSERT INTO contain(oid,pid) VALUES (309,14);
INSERT INTO contain(oid,pid) VALUES (309,16);
INSERT INTO contain(oid,pid) VALUES (309,20);
INSERT INTO contain(oid,pid) VALUES (309,29);
INSERT INTO contain(oid,pid) VALUES (31,18);
INSERT INTO contain(oid,pid) VALUES (31,19);
INSERT INTO contain(oid,pid) VALUES (310,12);
INSERT INTO contain(oid,pid) VALUES (310,15);
INSERT INTO contain(oid,pid) VALUES (311,20);
INSERT INTO contain(oid,pid) VALUES (311,5);
INSERT INTO contain(oid,pid) VALUES (311,6);
INSERT INTO contain(oid,pid) VALUES (312,1);
INSERT INTO contain(oid,pid) VALUES (312,11);
INSERT INTO contain(oid,pid) VALUES (312,29);
INSERT INTO contain(oid,pid) VALUES (312,7);
INSERT INTO contain(oid,pid) VALUES (313,12);
INSERT INTO contain(oid,pid) VALUES (313,15);
INSERT INTO contain(oid,pid) VALUES (313,2);
INSERT INTO contain(oid,pid) VALUES (313,23);
INSERT INTO contain(oid,pid) VALUES (313,24);
INSERT INTO contain(oid,pid) VALUES (313,27);
INSERT INTO contain(oid,pid) VALUES (313,7);
INSERT INTO contain(oid,pid) VALUES (314,15);
INSERT INTO contain(oid,pid) VALUES (314,18);
INSERT INTO contain(oid,pid) VALUES (314,2);
INSERT INTO contain(oid,pid) VALUES (314,22);
INSERT INTO contain(oid,pid) VALUES (314,7);
INSERT INTO contain(oid,pid) VALUES (314,8);
INSERT INTO contain(oid,pid) VALUES (315,11);
INSERT INTO contain(oid,pid) VALUES (315,12);
INSERT INTO contain(oid,pid) VALUES (315,19);
INSERT INTO contain(oid,pid) VALUES (315,23);
INSERT INTO contain(oid,pid) VALUES (315,29);
INSERT INTO contain(oid,pid) VALUES (316,13);
INSERT INTO contain(oid,pid) VALUES (316,25);
INSERT INTO contain(oid,pid) VALUES (316,4);
INSERT INTO contain(oid,pid) VALUES (317,1);
INSERT INTO contain(oid,pid) VALUES (317,15);
INSERT INTO contain(oid,pid) VALUES (317,19);
INSERT INTO contain(oid,pid) VALUES (317,2);
INSERT INTO contain(oid,pid) VALUES (317,28);
INSERT INTO contain(oid,pid) VALUES (317,5);
INSERT INTO contain(oid,pid) VALUES (318,12);
INSERT INTO contain(oid,pid) VALUES (318,29);
INSERT INTO contain(oid,pid) VALUES (318,5);
INSERT INTO contain(oid,pid) VALUES (318,9);
INSERT INTO contain(oid,pid) VALUES (319,21);
INSERT INTO contain(oid,pid) VALUES (319,3);
INSERT INTO contain(oid,pid) VALUES (319,30);
INSERT INTO contain(oid,pid) VALUES (319,7);
INSERT INTO contain(oid,pid) VALUES (32,12);
INSERT INTO contain(oid,pid) VALUES (32,21);
INSERT INTO contain(oid,pid) VALUES (32,26);
INSERT INTO contain(oid,pid) VALUES (32,30);
INSERT INTO contain(oid,pid) VALUES (32,9);
INSERT INTO contain(oid,pid) VALUES (320,17);
INSERT INTO contain(oid,pid) VALUES (320,2);
INSERT INTO contain(oid,pid) VALUES (320,23);
INSERT INTO contain(oid,pid) VALUES (321,13);
INSERT INTO contain(oid,pid) VALUES (321,21);
INSERT INTO contain(oid,pid) VALUES (321,5);
INSERT INTO contain(oid,pid) VALUES (322,11);
INSERT INTO contain(oid,pid) VALUES (322,14);
INSERT INTO contain(oid,pid) VALUES (322,20);
INSERT INTO contain(oid,pid) VALUES (322,26);
INSERT INTO contain(oid,pid) VALUES (323,10);
INSERT INTO contain(oid,pid) VALUES (324,2);
INSERT INTO contain(oid,pid) VALUES (324,8);
INSERT INTO contain(oid,pid) VALUES (325,26);
INSERT INTO contain(oid,pid) VALUES (325,28);
INSERT INTO contain(oid,pid) VALUES (326,11);
INSERT INTO contain(oid,pid) VALUES (326,20);
INSERT INTO contain(oid,pid) VALUES (326,23);
INSERT INTO contain(oid,pid) VALUES (326,5);
INSERT INTO contain(oid,pid) VALUES (326,6);
INSERT INTO contain(oid,pid) VALUES (327,27);
INSERT INTO contain(oid,pid) VALUES (328,15);
INSERT INTO contain(oid,pid) VALUES (328,2);
INSERT INTO contain(oid,pid) VALUES (328,26);
INSERT INTO contain(oid,pid) VALUES (328,27);
INSERT INTO contain(oid,pid) VALUES (328,29);
INSERT INTO contain(oid,pid) VALUES (328,5);
INSERT INTO contain(oid,pid) VALUES (329,12);
INSERT INTO contain(oid,pid) VALUES (329,21);
INSERT INTO contain(oid,pid) VALUES (329,27);
INSERT INTO contain(oid,pid) VALUES (329,3);
INSERT INTO contain(oid,pid) VALUES (329,7);
INSERT INTO contain(oid,pid) VALUES (33,25);
INSERT INTO contain(oid,pid) VALUES (330,23);
INSERT INTO contain(oid,pid) VALUES (331,11);
INSERT INTO contain(oid,pid) VALUES (331,13);
INSERT INTO contain(oid,pid) VALUES (331,26);
INSERT INTO contain(oid,pid) VALUES (331,29);
INSERT INTO contain(oid,pid) VALUES (332,20);
INSERT INTO contain(oid,pid) VALUES (332,22);
INSERT INTO contain(oid,pid) VALUES (332,23);
INSERT INTO contain(oid,pid) VALUES (332,24);
INSERT INTO contain(oid,pid) VALUES (332,5);
INSERT INTO contain(oid,pid) VALUES (333,16);
INSERT INTO contain(oid,pid) VALUES (333,27);
INSERT INTO contain(oid,pid) VALUES (333,7);
INSERT INTO contain(oid,pid) VALUES (333,8);
INSERT INTO contain(oid,pid) VALUES (334,13);
INSERT INTO contain(oid,pid) VALUES (334,15);
INSERT INTO contain(oid,pid) VALUES (334,16);
INSERT INTO contain(oid,pid) VALUES (334,28);
INSERT INTO contain(oid,pid) VALUES (334,3);
INSERT INTO contain(oid,pid) VALUES (334,9);
INSERT INTO contain(oid,pid) VALUES (335,12);
INSERT INTO contain(oid,pid) VALUES (335,17);
INSERT INTO contain(oid,pid) VALUES (335,21);
INSERT INTO contain(oid,pid) VALUES (335,24);
INSERT INTO contain(oid,pid) VALUES (335,3);
INSERT INTO contain(oid,pid) VALUES (335,5);
INSERT INTO contain(oid,pid) VALUES (336,11);
INSERT INTO contain(oid,pid) VALUES (336,13);
INSERT INTO contain(oid,pid) VALUES (336,18);
INSERT INTO contain(oid,pid) VALUES (336,28);
INSERT INTO contain(oid,pid) VALUES (336,4);
INSERT INTO contain(oid,pid) VALUES (336,8);
INSERT INTO contain(oid,pid) VALUES (337,13);
INSERT INTO contain(oid,pid) VALUES (337,19);
INSERT INTO contain(oid,pid) VALUES (337,2);
INSERT INTO contain(oid,pid) VALUES (337,27);
INSERT INTO contain(oid,pid) VALUES (337,4);
INSERT INTO contain(oid,pid) VALUES (338,30);
INSERT INTO contain(oid,pid) VALUES (338,4);
INSERT INTO contain(oid,pid) VALUES (338,5);
INSERT INTO contain(oid,pid) VALUES (338,7);
INSERT INTO contain(oid,pid) VALUES (338,8);
INSERT INTO contain(oid,pid) VALUES (339,17);
INSERT INTO contain(oid,pid) VALUES (339,19);
INSERT INTO contain(oid,pid) VALUES (339,20);
INSERT INTO contain(oid,pid) VALUES (339,4);
INSERT INTO contain(oid,pid) VALUES (339,5);
INSERT INTO contain(oid,pid) VALUES (34,15);
INSERT INTO contain(oid,pid) VALUES (34,21);
INSERT INTO contain(oid,pid) VALUES (34,3);
INSERT INTO contain(oid,pid) VALUES (34,4);
INSERT INTO contain(oid,pid) VALUES (340,12);
INSERT INTO contain(oid,pid) VALUES (340,16);
INSERT INTO contain(oid,pid) VALUES (340,19);
INSERT INTO contain(oid,pid) VALUES (340,24);
INSERT INTO contain(oid,pid) VALUES (341,22);
INSERT INTO contain(oid,pid) VALUES (341,26);
INSERT INTO contain(oid,pid) VALUES (341,27);
INSERT INTO contain(oid,pid) VALUES (342,1);
INSERT INTO contain(oid,pid) VALUES (342,24);
INSERT INTO contain(oid,pid) VALUES (342,26);
INSERT INTO contain(oid,pid) VALUES (342,6);
INSERT INTO contain(oid,pid) VALUES (343,10);
INSERT INTO contain(oid,pid) VALUES (343,15);
INSERT INTO contain(oid,pid) VALUES (343,16);
INSERT INTO contain(oid,pid) VALUES (343,22);
INSERT INTO contain(oid,pid) VALUES (343,27);
INSERT INTO contain(oid,pid) VALUES (343,29);
INSERT INTO contain(oid,pid) VALUES (344,12);
INSERT INTO contain(oid,pid) VALUES (344,29);
INSERT INTO contain(oid,pid) VALUES (344,4);
INSERT INTO contain(oid,pid) VALUES (345,20);
INSERT INTO contain(oid,pid) VALUES (345,24);
INSERT INTO contain(oid,pid) VALUES (346,15);
INSERT INTO contain(oid,pid) VALUES (346,6);
INSERT INTO contain(oid,pid) VALUES (346,9);
INSERT INTO contain(oid,pid) VALUES (347,11);
INSERT INTO contain(oid,pid) VALUES (347,12);
INSERT INTO contain(oid,pid) VALUES (347,18);
INSERT INTO contain(oid,pid) VALUES (347,9);
INSERT INTO contain(oid,pid) VALUES (348,4);
INSERT INTO contain(oid,pid) VALUES (349,18);
INSERT INTO contain(oid,pid) VALUES (349,21);
INSERT INTO contain(oid,pid) VALUES (349,23);
INSERT INTO contain(oid,pid) VALUES (349,26);
INSERT INTO contain(oid,pid) VALUES (349,7);
INSERT INTO contain(oid,pid) VALUES (35,17);
INSERT INTO contain(oid,pid) VALUES (35,19);
INSERT INTO contain(oid,pid) VALUES (35,2);
INSERT INTO contain(oid,pid) VALUES (35,23);
INSERT INTO contain(oid,pid) VALUES (35,30);
INSERT INTO contain(oid,pid) VALUES (350,13);
INSERT INTO contain(oid,pid) VALUES (350,15);
INSERT INTO contain(oid,pid) VALUES (350,9);
INSERT INTO contain(oid,pid) VALUES (351,23);
INSERT INTO contain(oid,pid) VALUES (351,27);
INSERT INTO contain(oid,pid) VALUES (351,7);
INSERT INTO contain(oid,pid) VALUES (352,12);
INSERT INTO contain(oid,pid) VALUES (352,6);
INSERT INTO contain(oid,pid) VALUES (352,8);
INSERT INTO contain(oid,pid) VALUES (353,15);
INSERT INTO contain(oid,pid) VALUES (353,24);
INSERT INTO contain(oid,pid) VALUES (353,25);
INSERT INTO contain(oid,pid) VALUES (353,4);
INSERT INTO contain(oid,pid) VALUES (354,15);
INSERT INTO contain(oid,pid) VALUES (354,18);
INSERT INTO contain(oid,pid) VALUES (354,27);
INSERT INTO contain(oid,pid) VALUES (355,10);
INSERT INTO contain(oid,pid) VALUES (355,18);
INSERT INTO contain(oid,pid) VALUES (355,27);
INSERT INTO contain(oid,pid) VALUES (355,6);
INSERT INTO contain(oid,pid) VALUES (355,9);
INSERT INTO contain(oid,pid) VALUES (356,17);
INSERT INTO contain(oid,pid) VALUES (356,22);
INSERT INTO contain(oid,pid) VALUES (356,25);
INSERT INTO contain(oid,pid) VALUES (356,7);
INSERT INTO contain(oid,pid) VALUES (357,10);
INSERT INTO contain(oid,pid) VALUES (357,13);
INSERT INTO contain(oid,pid) VALUES (357,17);
INSERT INTO contain(oid,pid) VALUES (357,2);
INSERT INTO contain(oid,pid) VALUES (357,21);
INSERT INTO contain(oid,pid) VALUES (357,3);
INSERT INTO contain(oid,pid) VALUES (358,10);
INSERT INTO contain(oid,pid) VALUES (358,11);
INSERT INTO contain(oid,pid) VALUES (358,22);
INSERT INTO contain(oid,pid) VALUES (358,28);
INSERT INTO contain(oid,pid) VALUES (359,17);
INSERT INTO contain(oid,pid) VALUES (359,19);
INSERT INTO contain(oid,pid) VALUES (359,29);
INSERT INTO contain(oid,pid) VALUES (359,7);
INSERT INTO contain(oid,pid) VALUES (36,11);
INSERT INTO contain(oid,pid) VALUES (36,14);
INSERT INTO contain(oid,pid) VALUES (36,15);
INSERT INTO contain(oid,pid) VALUES (36,16);
INSERT INTO contain(oid,pid) VALUES (36,2);
INSERT INTO contain(oid,pid) VALUES (36,22);
INSERT INTO contain(oid,pid) VALUES (36,26);
INSERT INTO contain(oid,pid) VALUES (36,28);
INSERT INTO contain(oid,pid) VALUES (36,7);
INSERT INTO contain(oid,pid) VALUES (360,13);
INSERT INTO contain(oid,pid) VALUES (360,17);
INSERT INTO contain(oid,pid) VALUES (360,18);
INSERT INTO contain(oid,pid) VALUES (360,7);
INSERT INTO contain(oid,pid) VALUES (361,21);
INSERT INTO contain(oid,pid) VALUES (361,29);
INSERT INTO contain(oid,pid) VALUES (362,4);
INSERT INTO contain(oid,pid) VALUES (362,5);
INSERT INTO contain(oid,pid) VALUES (363,1);
INSERT INTO contain(oid,pid) VALUES (363,12);
INSERT INTO contain(oid,pid) VALUES (364,12);
INSERT INTO contain(oid,pid) VALUES (364,19);
INSERT INTO contain(oid,pid) VALUES (364,21);
INSERT INTO contain(oid,pid) VALUES (364,23);
INSERT INTO contain(oid,pid) VALUES (364,25);
INSERT INTO contain(oid,pid) VALUES (364,3);
INSERT INTO contain(oid,pid) VALUES (364,5);
INSERT INTO contain(oid,pid) VALUES (364,6);
INSERT INTO contain(oid,pid) VALUES (365,21);
INSERT INTO contain(oid,pid) VALUES (365,24);
INSERT INTO contain(oid,pid) VALUES (365,3);
INSERT INTO contain(oid,pid) VALUES (366,12);
INSERT INTO contain(oid,pid) VALUES (366,21);
INSERT INTO contain(oid,pid) VALUES (366,23);
INSERT INTO contain(oid,pid) VALUES (366,28);
INSERT INTO contain(oid,pid) VALUES (366,3);
INSERT INTO contain(oid,pid) VALUES (367,23);
INSERT INTO contain(oid,pid) VALUES (367,26);
INSERT INTO contain(oid,pid) VALUES (367,29);
INSERT INTO contain(oid,pid) VALUES (367,3);
INSERT INTO contain(oid,pid) VALUES (368,10);
INSERT INTO contain(oid,pid) VALUES (368,19);
INSERT INTO contain(oid,pid) VALUES (368,23);
INSERT INTO contain(oid,pid) VALUES (368,24);
INSERT INTO contain(oid,pid) VALUES (369,20);
INSERT INTO contain(oid,pid) VALUES (369,22);
INSERT INTO contain(oid,pid) VALUES (369,25);
INSERT INTO contain(oid,pid) VALUES (369,26);
INSERT INTO contain(oid,pid) VALUES (369,30);
INSERT INTO contain(oid,pid) VALUES (369,9);
INSERT INTO contain(oid,pid) VALUES (37,15);
INSERT INTO contain(oid,pid) VALUES (370,11);
INSERT INTO contain(oid,pid) VALUES (371,12);
INSERT INTO contain(oid,pid) VALUES (371,13);
INSERT INTO contain(oid,pid) VALUES (371,21);
INSERT INTO contain(oid,pid) VALUES (371,24);
INSERT INTO contain(oid,pid) VALUES (371,8);
INSERT INTO contain(oid,pid) VALUES (371,9);
INSERT INTO contain(oid,pid) VALUES (372,1);
INSERT INTO contain(oid,pid) VALUES (372,11);
INSERT INTO contain(oid,pid) VALUES (372,20);
INSERT INTO contain(oid,pid) VALUES (372,6);
INSERT INTO contain(oid,pid) VALUES (373,15);
INSERT INTO contain(oid,pid) VALUES (373,5);
INSERT INTO contain(oid,pid) VALUES (373,7);
INSERT INTO contain(oid,pid) VALUES (373,8);
INSERT INTO contain(oid,pid) VALUES (374,10);
INSERT INTO contain(oid,pid) VALUES (374,19);
INSERT INTO contain(oid,pid) VALUES (374,26);
INSERT INTO contain(oid,pid) VALUES (374,28);
INSERT INTO contain(oid,pid) VALUES (374,9);
INSERT INTO contain(oid,pid) VALUES (375,11);
INSERT INTO contain(oid,pid) VALUES (375,19);
INSERT INTO contain(oid,pid) VALUES (375,6);
INSERT INTO contain(oid,pid) VALUES (376,14);
INSERT INTO contain(oid,pid) VALUES (376,18);
INSERT INTO contain(oid,pid) VALUES (376,7);
INSERT INTO contain(oid,pid) VALUES (377,14);
INSERT INTO contain(oid,pid) VALUES (377,19);
INSERT INTO contain(oid,pid) VALUES (377,25);
INSERT INTO contain(oid,pid) VALUES (377,26);
INSERT INTO contain(oid,pid) VALUES (377,3);
INSERT INTO contain(oid,pid) VALUES (377,30);
INSERT INTO contain(oid,pid) VALUES (377,8);
INSERT INTO contain(oid,pid) VALUES (378,4);
INSERT INTO contain(oid,pid) VALUES (379,14);
INSERT INTO contain(oid,pid) VALUES (379,15);
INSERT INTO contain(oid,pid) VALUES (379,27);
INSERT INTO contain(oid,pid) VALUES (379,3);
INSERT INTO contain(oid,pid) VALUES (38,11);
INSERT INTO contain(oid,pid) VALUES (38,18);
INSERT INTO contain(oid,pid) VALUES (38,20);
INSERT INTO contain(oid,pid) VALUES (38,29);
INSERT INTO contain(oid,pid) VALUES (38,30);
INSERT INTO contain(oid,pid) VALUES (380,13);
INSERT INTO contain(oid,pid) VALUES (380,15);
INSERT INTO contain(oid,pid) VALUES (380,16);
INSERT INTO contain(oid,pid) VALUES (380,17);
INSERT INTO contain(oid,pid) VALUES (380,29);
INSERT INTO contain(oid,pid) VALUES (381,12);
INSERT INTO contain(oid,pid) VALUES (381,17);
INSERT INTO contain(oid,pid) VALUES (381,25);
INSERT INTO contain(oid,pid) VALUES (381,3);
INSERT INTO contain(oid,pid) VALUES (381,30);
INSERT INTO contain(oid,pid) VALUES (382,1);
INSERT INTO contain(oid,pid) VALUES (382,10);
INSERT INTO contain(oid,pid) VALUES (382,12);
INSERT INTO contain(oid,pid) VALUES (382,16);
INSERT INTO contain(oid,pid) VALUES (382,3);
INSERT INTO contain(oid,pid) VALUES (383,13);
INSERT INTO contain(oid,pid) VALUES (383,25);
INSERT INTO contain(oid,pid) VALUES (383,27);
INSERT INTO contain(oid,pid) VALUES (383,28);
INSERT INTO contain(oid,pid) VALUES (383,5);
INSERT INTO contain(oid,pid) VALUES (384,12);
INSERT INTO contain(oid,pid) VALUES (384,21);
INSERT INTO contain(oid,pid) VALUES (384,29);
INSERT INTO contain(oid,pid) VALUES (385,10);
INSERT INTO contain(oid,pid) VALUES (385,17);
INSERT INTO contain(oid,pid) VALUES (385,18);
INSERT INTO contain(oid,pid) VALUES (385,4);
INSERT INTO contain(oid,pid) VALUES (385,6);
INSERT INTO contain(oid,pid) VALUES (385,8);
INSERT INTO contain(oid,pid) VALUES (386,11);
INSERT INTO contain(oid,pid) VALUES (386,17);
INSERT INTO contain(oid,pid) VALUES (387,1);
INSERT INTO contain(oid,pid) VALUES (387,24);
INSERT INTO contain(oid,pid) VALUES (388,15);
INSERT INTO contain(oid,pid) VALUES (388,20);
INSERT INTO contain(oid,pid) VALUES (388,22);
INSERT INTO contain(oid,pid) VALUES (389,11);
INSERT INTO contain(oid,pid) VALUES (389,15);
INSERT INTO contain(oid,pid) VALUES (389,2);
INSERT INTO contain(oid,pid) VALUES (389,22);
INSERT INTO contain(oid,pid) VALUES (389,24);
INSERT INTO contain(oid,pid) VALUES (389,9);
INSERT INTO contain(oid,pid) VALUES (39,1);
INSERT INTO contain(oid,pid) VALUES (39,10);
INSERT INTO contain(oid,pid) VALUES (39,13);
INSERT INTO contain(oid,pid) VALUES (39,15);
INSERT INTO contain(oid,pid) VALUES (39,2);
INSERT INTO contain(oid,pid) VALUES (39,20);
INSERT INTO contain(oid,pid) VALUES (39,6);
INSERT INTO contain(oid,pid) VALUES (390,19);
INSERT INTO contain(oid,pid) VALUES (391,1);
INSERT INTO contain(oid,pid) VALUES (391,13);
INSERT INTO contain(oid,pid) VALUES (392,10);
INSERT INTO contain(oid,pid) VALUES (392,14);
INSERT INTO contain(oid,pid) VALUES (392,26);
INSERT INTO contain(oid,pid) VALUES (393,26);
INSERT INTO contain(oid,pid) VALUES (394,18);
INSERT INTO contain(oid,pid) VALUES (394,2);
INSERT INTO contain(oid,pid) VALUES (394,24);
INSERT INTO contain(oid,pid) VALUES (394,25);
INSERT INTO contain(oid,pid) VALUES (394,30);
INSERT INTO contain(oid,pid) VALUES (394,4);
INSERT INTO contain(oid,pid) VALUES (394,7);
INSERT INTO contain(oid,pid) VALUES (395,13);
INSERT INTO contain(oid,pid) VALUES (395,28);
INSERT INTO contain(oid,pid) VALUES (396,13);
INSERT INTO contain(oid,pid) VALUES (396,23);
INSERT INTO contain(oid,pid) VALUES (396,29);
INSERT INTO contain(oid,pid) VALUES (396,3);
INSERT INTO contain(oid,pid) VALUES (396,4);
INSERT INTO contain(oid,pid) VALUES (397,4);
INSERT INTO contain(oid,pid) VALUES (398,10);
INSERT INTO contain(oid,pid) VALUES (398,11);
INSERT INTO contain(oid,pid) VALUES (398,18);
INSERT INTO contain(oid,pid) VALUES (398,2);
INSERT INTO contain(oid,pid) VALUES (398,28);
INSERT INTO contain(oid,pid) VALUES (399,11);
INSERT INTO contain(oid,pid) VALUES (4,12);
INSERT INTO contain(oid,pid) VALUES (40,11);
INSERT INTO contain(oid,pid) VALUES (40,19);
INSERT INTO contain(oid,pid) VALUES (40,21);
INSERT INTO contain(oid,pid) VALUES (40,25);
INSERT INTO contain(oid,pid) VALUES (40,7);
INSERT INTO contain(oid,pid) VALUES (40,8);
INSERT INTO contain(oid,pid) VALUES (400,10);
INSERT INTO contain(oid,pid) VALUES (400,2);
INSERT INTO contain(oid,pid) VALUES (400,30);
INSERT INTO contain(oid,pid) VALUES (401,15);
INSERT INTO contain(oid,pid) VALUES (401,21);
INSERT INTO contain(oid,pid) VALUES (401,7);
INSERT INTO contain(oid,pid) VALUES (402,14);
INSERT INTO contain(oid,pid) VALUES (402,2);
INSERT INTO contain(oid,pid) VALUES (402,28);
INSERT INTO contain(oid,pid) VALUES (402,3);
INSERT INTO contain(oid,pid) VALUES (403,2);
INSERT INTO contain(oid,pid) VALUES (403,28);
INSERT INTO contain(oid,pid) VALUES (403,5);
INSERT INTO contain(oid,pid) VALUES (404,14);
INSERT INTO contain(oid,pid) VALUES (404,16);
INSERT INTO contain(oid,pid) VALUES (404,19);
INSERT INTO contain(oid,pid) VALUES (404,23);
INSERT INTO contain(oid,pid) VALUES (404,4);
INSERT INTO contain(oid,pid) VALUES (405,10);
INSERT INTO contain(oid,pid) VALUES (405,18);
INSERT INTO contain(oid,pid) VALUES (406,19);
INSERT INTO contain(oid,pid) VALUES (406,24);
INSERT INTO contain(oid,pid) VALUES (406,30);
INSERT INTO contain(oid,pid) VALUES (407,10);
INSERT INTO contain(oid,pid) VALUES (407,23);
INSERT INTO contain(oid,pid) VALUES (407,29);
INSERT INTO contain(oid,pid) VALUES (407,3);
INSERT INTO contain(oid,pid) VALUES (407,8);
INSERT INTO contain(oid,pid) VALUES (408,1);
INSERT INTO contain(oid,pid) VALUES (408,10);
INSERT INTO contain(oid,pid) VALUES (408,11);
INSERT INTO contain(oid,pid) VALUES (408,25);
INSERT INTO contain(oid,pid) VALUES (408,7);
INSERT INTO contain(oid,pid) VALUES (409,10);
INSERT INTO contain(oid,pid) VALUES (409,24);
INSERT INTO contain(oid,pid) VALUES (409,29);
INSERT INTO contain(oid,pid) VALUES (409,3);
INSERT INTO contain(oid,pid) VALUES (41,17);
INSERT INTO contain(oid,pid) VALUES (41,21);
INSERT INTO contain(oid,pid) VALUES (41,24);
INSERT INTO contain(oid,pid) VALUES (41,6);
INSERT INTO contain(oid,pid) VALUES (41,8);
INSERT INTO contain(oid,pid) VALUES (410,5);
INSERT INTO contain(oid,pid) VALUES (411,27);
INSERT INTO contain(oid,pid) VALUES (411,30);
INSERT INTO contain(oid,pid) VALUES (412,16);
INSERT INTO contain(oid,pid) VALUES (412,17);
INSERT INTO contain(oid,pid) VALUES (412,30);
INSERT INTO contain(oid,pid) VALUES (413,22);
INSERT INTO contain(oid,pid) VALUES (413,25);
INSERT INTO contain(oid,pid) VALUES (413,26);
INSERT INTO contain(oid,pid) VALUES (413,6);
INSERT INTO contain(oid,pid) VALUES (414,15);
INSERT INTO contain(oid,pid) VALUES (414,26);
INSERT INTO contain(oid,pid) VALUES (414,5);
INSERT INTO contain(oid,pid) VALUES (415,10);
INSERT INTO contain(oid,pid) VALUES (415,21);
INSERT INTO contain(oid,pid) VALUES (416,18);
INSERT INTO contain(oid,pid) VALUES (416,21);
INSERT INTO contain(oid,pid) VALUES (416,30);
INSERT INTO contain(oid,pid) VALUES (416,4);
INSERT INTO contain(oid,pid) VALUES (417,18);
INSERT INTO contain(oid,pid) VALUES (417,7);
INSERT INTO contain(oid,pid) VALUES (418,15);
INSERT INTO contain(oid,pid) VALUES (418,20);
INSERT INTO contain(oid,pid) VALUES (418,29);
INSERT INTO contain(oid,pid) VALUES (419,10);
INSERT INTO contain(oid,pid) VALUES (419,13);
INSERT INTO contain(oid,pid) VALUES (419,14);
INSERT INTO contain(oid,pid) VALUES (419,16);
INSERT INTO contain(oid,pid) VALUES (419,20);
INSERT INTO contain(oid,pid) VALUES (419,22);
INSERT INTO contain(oid,pid) VALUES (419,3);
INSERT INTO contain(oid,pid) VALUES (42,14);
INSERT INTO contain(oid,pid) VALUES (42,15);
INSERT INTO contain(oid,pid) VALUES (420,25);
INSERT INTO contain(oid,pid) VALUES (420,7);
INSERT INTO contain(oid,pid) VALUES (421,11);
INSERT INTO contain(oid,pid) VALUES (421,20);
INSERT INTO contain(oid,pid) VALUES (421,24);
INSERT INTO contain(oid,pid) VALUES (421,4);
INSERT INTO contain(oid,pid) VALUES (422,20);
INSERT INTO contain(oid,pid) VALUES (422,24);
INSERT INTO contain(oid,pid) VALUES (423,10);
INSERT INTO contain(oid,pid) VALUES (423,16);
INSERT INTO contain(oid,pid) VALUES (423,18);
INSERT INTO contain(oid,pid) VALUES (423,2);
INSERT INTO contain(oid,pid) VALUES (423,26);
INSERT INTO contain(oid,pid) VALUES (423,28);
INSERT INTO contain(oid,pid) VALUES (423,29);
INSERT INTO contain(oid,pid) VALUES (423,5);
INSERT INTO contain(oid,pid) VALUES (424,12);
INSERT INTO contain(oid,pid) VALUES (424,16);
INSERT INTO contain(oid,pid) VALUES (424,18);
INSERT INTO contain(oid,pid) VALUES (425,16);
INSERT INTO contain(oid,pid) VALUES (425,22);
INSERT INTO contain(oid,pid) VALUES (426,16);
INSERT INTO contain(oid,pid) VALUES (426,27);
INSERT INTO contain(oid,pid) VALUES (427,1);
INSERT INTO contain(oid,pid) VALUES (427,20);
INSERT INTO contain(oid,pid) VALUES (427,29);
INSERT INTO contain(oid,pid) VALUES (428,16);
INSERT INTO contain(oid,pid) VALUES (428,17);
INSERT INTO contain(oid,pid) VALUES (428,20);
INSERT INTO contain(oid,pid) VALUES (428,5);
INSERT INTO contain(oid,pid) VALUES (428,9);
INSERT INTO contain(oid,pid) VALUES (429,1);
INSERT INTO contain(oid,pid) VALUES (429,11);
INSERT INTO contain(oid,pid) VALUES (429,15);
INSERT INTO contain(oid,pid) VALUES (429,29);
INSERT INTO contain(oid,pid) VALUES (429,5);
INSERT INTO contain(oid,pid) VALUES (43,22);
INSERT INTO contain(oid,pid) VALUES (43,25);
INSERT INTO contain(oid,pid) VALUES (43,7);
INSERT INTO contain(oid,pid) VALUES (430,1);
INSERT INTO contain(oid,pid) VALUES (430,10);
INSERT INTO contain(oid,pid) VALUES (430,20);
INSERT INTO contain(oid,pid) VALUES (430,28);
INSERT INTO contain(oid,pid) VALUES (430,8);
INSERT INTO contain(oid,pid) VALUES (431,17);
INSERT INTO contain(oid,pid) VALUES (431,23);
INSERT INTO contain(oid,pid) VALUES (431,27);
INSERT INTO contain(oid,pid) VALUES (431,28);
INSERT INTO contain(oid,pid) VALUES (431,5);
INSERT INTO contain(oid,pid) VALUES (432,22);
INSERT INTO contain(oid,pid) VALUES (432,27);
INSERT INTO contain(oid,pid) VALUES (433,16);
INSERT INTO contain(oid,pid) VALUES (433,2);
INSERT INTO contain(oid,pid) VALUES (433,22);
INSERT INTO contain(oid,pid) VALUES (433,3);
INSERT INTO contain(oid,pid) VALUES (433,4);
INSERT INTO contain(oid,pid) VALUES (434,12);
INSERT INTO contain(oid,pid) VALUES (434,14);
INSERT INTO contain(oid,pid) VALUES (434,15);
INSERT INTO contain(oid,pid) VALUES (434,24);
INSERT INTO contain(oid,pid) VALUES (435,12);
INSERT INTO contain(oid,pid) VALUES (435,2);
INSERT INTO contain(oid,pid) VALUES (435,21);
INSERT INTO contain(oid,pid) VALUES (436,11);
INSERT INTO contain(oid,pid) VALUES (436,23);
INSERT INTO contain(oid,pid) VALUES (436,7);
INSERT INTO contain(oid,pid) VALUES (437,2);
INSERT INTO contain(oid,pid) VALUES (437,30);
INSERT INTO contain(oid,pid) VALUES (438,10);
INSERT INTO contain(oid,pid) VALUES (438,18);
INSERT INTO contain(oid,pid) VALUES (438,22);
INSERT INTO contain(oid,pid) VALUES (438,4);
INSERT INTO contain(oid,pid) VALUES (438,8);
INSERT INTO contain(oid,pid) VALUES (439,10);
INSERT INTO contain(oid,pid) VALUES (439,2);
INSERT INTO contain(oid,pid) VALUES (439,20);
INSERT INTO contain(oid,pid) VALUES (439,27);
INSERT INTO contain(oid,pid) VALUES (439,5);
INSERT INTO contain(oid,pid) VALUES (439,6);
INSERT INTO contain(oid,pid) VALUES (44,1);
INSERT INTO contain(oid,pid) VALUES (44,20);
INSERT INTO contain(oid,pid) VALUES (44,30);
INSERT INTO contain(oid,pid) VALUES (440,13);
INSERT INTO contain(oid,pid) VALUES (440,23);
INSERT INTO contain(oid,pid) VALUES (440,30);
INSERT INTO contain(oid,pid) VALUES (440,9);
INSERT INTO contain(oid,pid) VALUES (441,11);
INSERT INTO contain(oid,pid) VALUES (441,24);
INSERT INTO contain(oid,pid) VALUES (442,20);
INSERT INTO contain(oid,pid) VALUES (442,21);
INSERT INTO contain(oid,pid) VALUES (442,25);
INSERT INTO contain(oid,pid) VALUES (442,9);
INSERT INTO contain(oid,pid) VALUES (443,19);
INSERT INTO contain(oid,pid) VALUES (443,26);
INSERT INTO contain(oid,pid) VALUES (444,12);
INSERT INTO contain(oid,pid) VALUES (444,15);
INSERT INTO contain(oid,pid) VALUES (444,22);
INSERT INTO contain(oid,pid) VALUES (445,20);
INSERT INTO contain(oid,pid) VALUES (445,5);
INSERT INTO contain(oid,pid) VALUES (445,9);
INSERT INTO contain(oid,pid) VALUES (446,10);
INSERT INTO contain(oid,pid) VALUES (446,15);
INSERT INTO contain(oid,pid) VALUES (446,21);
INSERT INTO contain(oid,pid) VALUES (446,23);
INSERT INTO contain(oid,pid) VALUES (447,13);
INSERT INTO contain(oid,pid) VALUES (447,17);
INSERT INTO contain(oid,pid) VALUES (447,26);
INSERT INTO contain(oid,pid) VALUES (447,30);
INSERT INTO contain(oid,pid) VALUES (448,29);
INSERT INTO contain(oid,pid) VALUES (449,10);
INSERT INTO contain(oid,pid) VALUES (449,25);
INSERT INTO contain(oid,pid) VALUES (449,28);
INSERT INTO contain(oid,pid) VALUES (449,6);
INSERT INTO contain(oid,pid) VALUES (449,9);
INSERT INTO contain(oid,pid) VALUES (45,10);
INSERT INTO contain(oid,pid) VALUES (45,13);
INSERT INTO contain(oid,pid) VALUES (450,12);
INSERT INTO contain(oid,pid) VALUES (450,15);
INSERT INTO contain(oid,pid) VALUES (450,16);
INSERT INTO contain(oid,pid) VALUES (450,2);
INSERT INTO contain(oid,pid) VALUES (451,16);
INSERT INTO contain(oid,pid) VALUES (451,20);
INSERT INTO contain(oid,pid) VALUES (451,21);
INSERT INTO contain(oid,pid) VALUES (451,26);
INSERT INTO contain(oid,pid) VALUES (451,29);
INSERT INTO contain(oid,pid) VALUES (452,13);
INSERT INTO contain(oid,pid) VALUES (452,19);
INSERT INTO contain(oid,pid) VALUES (452,2);
INSERT INTO contain(oid,pid) VALUES (452,3);
INSERT INTO contain(oid,pid) VALUES (452,8);
INSERT INTO contain(oid,pid) VALUES (453,1);
INSERT INTO contain(oid,pid) VALUES (453,14);
INSERT INTO contain(oid,pid) VALUES (453,16);
INSERT INTO contain(oid,pid) VALUES (453,23);
INSERT INTO contain(oid,pid) VALUES (453,4);
INSERT INTO contain(oid,pid) VALUES (453,8);
INSERT INTO contain(oid,pid) VALUES (454,10);
INSERT INTO contain(oid,pid) VALUES (454,12);
INSERT INTO contain(oid,pid) VALUES (454,15);
INSERT INTO contain(oid,pid) VALUES (454,16);
INSERT INTO contain(oid,pid) VALUES (454,30);
INSERT INTO contain(oid,pid) VALUES (455,1);
INSERT INTO contain(oid,pid) VALUES (456,18);
INSERT INTO contain(oid,pid) VALUES (456,26);
INSERT INTO contain(oid,pid) VALUES (456,3);
INSERT INTO contain(oid,pid) VALUES (457,18);
INSERT INTO contain(oid,pid) VALUES (457,2);
INSERT INTO contain(oid,pid) VALUES (457,21);
INSERT INTO contain(oid,pid) VALUES (458,14);
INSERT INTO contain(oid,pid) VALUES (458,20);
INSERT INTO contain(oid,pid) VALUES (458,28);
INSERT INTO contain(oid,pid) VALUES (459,29);
INSERT INTO contain(oid,pid) VALUES (46,20);
INSERT INTO contain(oid,pid) VALUES (460,10);
INSERT INTO contain(oid,pid) VALUES (460,30);
INSERT INTO contain(oid,pid) VALUES (461,21);
INSERT INTO contain(oid,pid) VALUES (462,10);
INSERT INTO contain(oid,pid) VALUES (462,12);
INSERT INTO contain(oid,pid) VALUES (462,14);
INSERT INTO contain(oid,pid) VALUES (462,20);
INSERT INTO contain(oid,pid) VALUES (463,15);
INSERT INTO contain(oid,pid) VALUES (463,18);
INSERT INTO contain(oid,pid) VALUES (463,23);
INSERT INTO contain(oid,pid) VALUES (463,4);
INSERT INTO contain(oid,pid) VALUES (464,11);
INSERT INTO contain(oid,pid) VALUES (464,14);
INSERT INTO contain(oid,pid) VALUES (464,21);
INSERT INTO contain(oid,pid) VALUES (464,7);
INSERT INTO contain(oid,pid) VALUES (465,13);
INSERT INTO contain(oid,pid) VALUES (465,19);
INSERT INTO contain(oid,pid) VALUES (465,29);
INSERT INTO contain(oid,pid) VALUES (465,9);
INSERT INTO contain(oid,pid) VALUES (466,10);
INSERT INTO contain(oid,pid) VALUES (466,11);
INSERT INTO contain(oid,pid) VALUES (466,15);
INSERT INTO contain(oid,pid) VALUES (466,23);
INSERT INTO contain(oid,pid) VALUES (466,30);
INSERT INTO contain(oid,pid) VALUES (467,18);
INSERT INTO contain(oid,pid) VALUES (467,19);
INSERT INTO contain(oid,pid) VALUES (467,25);
INSERT INTO contain(oid,pid) VALUES (467,3);
INSERT INTO contain(oid,pid) VALUES (467,30);
INSERT INTO contain(oid,pid) VALUES (468,11);
INSERT INTO contain(oid,pid) VALUES (468,20);
INSERT INTO contain(oid,pid) VALUES (468,24);
INSERT INTO contain(oid,pid) VALUES (469,23);
INSERT INTO contain(oid,pid) VALUES (47,11);
INSERT INTO contain(oid,pid) VALUES (47,15);
INSERT INTO contain(oid,pid) VALUES (470,10);
INSERT INTO contain(oid,pid) VALUES (470,11);
INSERT INTO contain(oid,pid) VALUES (470,15);
INSERT INTO contain(oid,pid) VALUES (470,16);
INSERT INTO contain(oid,pid) VALUES (470,23);
INSERT INTO contain(oid,pid) VALUES (470,26);
INSERT INTO contain(oid,pid) VALUES (470,3);
INSERT INTO contain(oid,pid) VALUES (471,20);
INSERT INTO contain(oid,pid) VALUES (471,21);
INSERT INTO contain(oid,pid) VALUES (471,30);
INSERT INTO contain(oid,pid) VALUES (472,1);
INSERT INTO contain(oid,pid) VALUES (472,15);
INSERT INTO contain(oid,pid) VALUES (472,22);
INSERT INTO contain(oid,pid) VALUES (472,5);
INSERT INTO contain(oid,pid) VALUES (473,12);
INSERT INTO contain(oid,pid) VALUES (473,17);
INSERT INTO contain(oid,pid) VALUES (473,2);
INSERT INTO contain(oid,pid) VALUES (473,6);
INSERT INTO contain(oid,pid) VALUES (474,10);
INSERT INTO contain(oid,pid) VALUES (474,24);
INSERT INTO contain(oid,pid) VALUES (474,29);
INSERT INTO contain(oid,pid) VALUES (475,18);
INSERT INTO contain(oid,pid) VALUES (475,20);
INSERT INTO contain(oid,pid) VALUES (475,26);
INSERT INTO contain(oid,pid) VALUES (475,7);
INSERT INTO contain(oid,pid) VALUES (476,4);
INSERT INTO contain(oid,pid) VALUES (477,17);
INSERT INTO contain(oid,pid) VALUES (477,19);
INSERT INTO contain(oid,pid) VALUES (477,25);
INSERT INTO contain(oid,pid) VALUES (477,28);
INSERT INTO contain(oid,pid) VALUES (477,6);
INSERT INTO contain(oid,pid) VALUES (478,3);
INSERT INTO contain(oid,pid) VALUES (478,8);
INSERT INTO contain(oid,pid) VALUES (479,12);
INSERT INTO contain(oid,pid) VALUES (479,13);
INSERT INTO contain(oid,pid) VALUES (479,6);
INSERT INTO contain(oid,pid) VALUES (479,7);
INSERT INTO contain(oid,pid) VALUES (479,9);
INSERT INTO contain(oid,pid) VALUES (48,14);
INSERT INTO contain(oid,pid) VALUES (48,25);
INSERT INTO contain(oid,pid) VALUES (480,1);
INSERT INTO contain(oid,pid) VALUES (480,11);
INSERT INTO contain(oid,pid) VALUES (480,13);
INSERT INTO contain(oid,pid) VALUES (480,15);
INSERT INTO contain(oid,pid) VALUES (480,3);
INSERT INTO contain(oid,pid) VALUES (480,7);
INSERT INTO contain(oid,pid) VALUES (480,8);
INSERT INTO contain(oid,pid) VALUES (480,9);
INSERT INTO contain(oid,pid) VALUES (481,10);
INSERT INTO contain(oid,pid) VALUES (481,11);
INSERT INTO contain(oid,pid) VALUES (481,12);
INSERT INTO contain(oid,pid) VALUES (481,18);
INSERT INTO contain(oid,pid) VALUES (481,2);
INSERT INTO contain(oid,pid) VALUES (481,24);
INSERT INTO contain(oid,pid) VALUES (481,30);
INSERT INTO contain(oid,pid) VALUES (482,17);
INSERT INTO contain(oid,pid) VALUES (482,18);
INSERT INTO contain(oid,pid) VALUES (482,21);
INSERT INTO contain(oid,pid) VALUES (482,22);
INSERT INTO contain(oid,pid) VALUES (482,28);
INSERT INTO contain(oid,pid) VALUES (482,9);
INSERT INTO contain(oid,pid) VALUES (483,19);
INSERT INTO contain(oid,pid) VALUES (483,23);
INSERT INTO contain(oid,pid) VALUES (484,15);
INSERT INTO contain(oid,pid) VALUES (484,22);
INSERT INTO contain(oid,pid) VALUES (484,23);
INSERT INTO contain(oid,pid) VALUES (484,8);
INSERT INTO contain(oid,pid) VALUES (484,9);
INSERT INTO contain(oid,pid) VALUES (485,13);
INSERT INTO contain(oid,pid) VALUES (485,15);
INSERT INTO contain(oid,pid) VALUES (485,19);
INSERT INTO contain(oid,pid) VALUES (485,20);
INSERT INTO contain(oid,pid) VALUES (485,5);
INSERT INTO contain(oid,pid) VALUES (485,7);
INSERT INTO contain(oid,pid) VALUES (486,15);
INSERT INTO contain(oid,pid) VALUES (486,8);
INSERT INTO contain(oid,pid) VALUES (487,1);
INSERT INTO contain(oid,pid) VALUES (487,25);
INSERT INTO contain(oid,pid) VALUES (487,26);
INSERT INTO contain(oid,pid) VALUES (487,27);
INSERT INTO contain(oid,pid) VALUES (487,8);
INSERT INTO contain(oid,pid) VALUES (488,11);
INSERT INTO contain(oid,pid) VALUES (488,23);
INSERT INTO contain(oid,pid) VALUES (488,26);
INSERT INTO contain(oid,pid) VALUES (488,28);
INSERT INTO contain(oid,pid) VALUES (488,7);
INSERT INTO contain(oid,pid) VALUES (489,10);
INSERT INTO contain(oid,pid) VALUES (489,16);
INSERT INTO contain(oid,pid) VALUES (489,9);
INSERT INTO contain(oid,pid) VALUES (49,1);
INSERT INTO contain(oid,pid) VALUES (49,26);
INSERT INTO contain(oid,pid) VALUES (49,3);
INSERT INTO contain(oid,pid) VALUES (490,1);
INSERT INTO contain(oid,pid) VALUES (490,16);
INSERT INTO contain(oid,pid) VALUES (490,19);
INSERT INTO contain(oid,pid) VALUES (490,2);
INSERT INTO contain(oid,pid) VALUES (490,20);
INSERT INTO contain(oid,pid) VALUES (490,28);
INSERT INTO contain(oid,pid) VALUES (490,3);
INSERT INTO contain(oid,pid) VALUES (491,11);
INSERT INTO contain(oid,pid) VALUES (491,16);
INSERT INTO contain(oid,pid) VALUES (491,20);
INSERT INTO contain(oid,pid) VALUES (491,21);
INSERT INTO contain(oid,pid) VALUES (491,23);
INSERT INTO contain(oid,pid) VALUES (492,15);
INSERT INTO contain(oid,pid) VALUES (492,17);
INSERT INTO contain(oid,pid) VALUES (492,27);
INSERT INTO contain(oid,pid) VALUES (493,22);
INSERT INTO contain(oid,pid) VALUES (493,29);
INSERT INTO contain(oid,pid) VALUES (494,13);
INSERT INTO contain(oid,pid) VALUES (494,22);
INSERT INTO contain(oid,pid) VALUES (494,6);
INSERT INTO contain(oid,pid) VALUES (494,7);
INSERT INTO contain(oid,pid) VALUES (494,9);
INSERT INTO contain(oid,pid) VALUES (495,16);
INSERT INTO contain(oid,pid) VALUES (495,18);
INSERT INTO contain(oid,pid) VALUES (495,22);
INSERT INTO contain(oid,pid) VALUES (495,29);
INSERT INTO contain(oid,pid) VALUES (495,3);
INSERT INTO contain(oid,pid) VALUES (495,4);
INSERT INTO contain(oid,pid) VALUES (496,26);
INSERT INTO contain(oid,pid) VALUES (496,27);
INSERT INTO contain(oid,pid) VALUES (496,5);
INSERT INTO contain(oid,pid) VALUES (497,12);
INSERT INTO contain(oid,pid) VALUES (497,16);
INSERT INTO contain(oid,pid) VALUES (497,26);
INSERT INTO contain(oid,pid) VALUES (498,12);
INSERT INTO contain(oid,pid) VALUES (498,22);
INSERT INTO contain(oid,pid) VALUES (499,17);
INSERT INTO contain(oid,pid) VALUES (499,18);
INSERT INTO contain(oid,pid) VALUES (499,6);
INSERT INTO contain(oid,pid) VALUES (499,7);
INSERT INTO contain(oid,pid) VALUES (5,13);
INSERT INTO contain(oid,pid) VALUES (5,14);
INSERT INTO contain(oid,pid) VALUES (5,24);
INSERT INTO contain(oid,pid) VALUES (50,10);
INSERT INTO contain(oid,pid) VALUES (50,2);
INSERT INTO contain(oid,pid) VALUES (50,29);
INSERT INTO contain(oid,pid) VALUES (500,14);
INSERT INTO contain(oid,pid) VALUES (500,8);
INSERT INTO contain(oid,pid) VALUES (51,12);
INSERT INTO contain(oid,pid) VALUES (51,21);
INSERT INTO contain(oid,pid) VALUES (51,22);
INSERT INTO contain(oid,pid) VALUES (51,27);
INSERT INTO contain(oid,pid) VALUES (52,1);
INSERT INTO contain(oid,pid) VALUES (52,2);
INSERT INTO contain(oid,pid) VALUES (52,26);
INSERT INTO contain(oid,pid) VALUES (53,15);
INSERT INTO contain(oid,pid) VALUES (53,2);
INSERT INTO contain(oid,pid) VALUES (53,28);
INSERT INTO contain(oid,pid) VALUES (53,3);
INSERT INTO contain(oid,pid) VALUES (53,7);
INSERT INTO contain(oid,pid) VALUES (54,10);
INSERT INTO contain(oid,pid) VALUES (54,15);
INSERT INTO contain(oid,pid) VALUES (54,27);
INSERT INTO contain(oid,pid) VALUES (55,18);
INSERT INTO contain(oid,pid) VALUES (55,19);
INSERT INTO contain(oid,pid) VALUES (55,22);
INSERT INTO contain(oid,pid) VALUES (55,23);
INSERT INTO contain(oid,pid) VALUES (56,19);
INSERT INTO contain(oid,pid) VALUES (56,23);
INSERT INTO contain(oid,pid) VALUES (56,4);
INSERT INTO contain(oid,pid) VALUES (57,11);
INSERT INTO contain(oid,pid) VALUES (57,16);
INSERT INTO contain(oid,pid) VALUES (57,23);
INSERT INTO contain(oid,pid) VALUES (57,24);
INSERT INTO contain(oid,pid) VALUES (57,28);
INSERT INTO contain(oid,pid) VALUES (58,25);
INSERT INTO contain(oid,pid) VALUES (58,5);
INSERT INTO contain(oid,pid) VALUES (59,1);
INSERT INTO contain(oid,pid) VALUES (59,19);
INSERT INTO contain(oid,pid) VALUES (59,25);
INSERT INTO contain(oid,pid) VALUES (6,15);
INSERT INTO contain(oid,pid) VALUES (6,16);
INSERT INTO contain(oid,pid) VALUES (6,26);
INSERT INTO contain(oid,pid) VALUES (60,5);
INSERT INTO contain(oid,pid) VALUES (61,2);
INSERT INTO contain(oid,pid) VALUES (61,21);
INSERT INTO contain(oid,pid) VALUES (61,22);
INSERT INTO contain(oid,pid) VALUES (62,12);
INSERT INTO contain(oid,pid) VALUES (62,15);
INSERT INTO contain(oid,pid) VALUES (62,18);
INSERT INTO contain(oid,pid) VALUES (62,24);
INSERT INTO contain(oid,pid) VALUES (63,7);
INSERT INTO contain(oid,pid) VALUES (64,1);
INSERT INTO contain(oid,pid) VALUES (64,13);
INSERT INTO contain(oid,pid) VALUES (64,19);
INSERT INTO contain(oid,pid) VALUES (64,22);
INSERT INTO contain(oid,pid) VALUES (64,25);
INSERT INTO contain(oid,pid) VALUES (65,13);
INSERT INTO contain(oid,pid) VALUES (65,23);
INSERT INTO contain(oid,pid) VALUES (65,3);
INSERT INTO contain(oid,pid) VALUES (67,1);
INSERT INTO contain(oid,pid) VALUES (67,29);
INSERT INTO contain(oid,pid) VALUES (67,4);
INSERT INTO contain(oid,pid) VALUES (68,4);
INSERT INTO contain(oid,pid) VALUES (68,6);
INSERT INTO contain(oid,pid) VALUES (68,7);
INSERT INTO contain(oid,pid) VALUES (69,10);
INSERT INTO contain(oid,pid) VALUES (69,14);
INSERT INTO contain(oid,pid) VALUES (69,17);
INSERT INTO contain(oid,pid) VALUES (69,2);
INSERT INTO contain(oid,pid) VALUES (69,30);
INSERT INTO contain(oid,pid) VALUES (7,21);
INSERT INTO contain(oid,pid) VALUES (7,6);
INSERT INTO contain(oid,pid) VALUES (70,16);
INSERT INTO contain(oid,pid) VALUES (70,25);
INSERT INTO contain(oid,pid) VALUES (71,1);
INSERT INTO contain(oid,pid) VALUES (71,2);
INSERT INTO contain(oid,pid) VALUES (72,1);
INSERT INTO contain(oid,pid) VALUES (72,11);
INSERT INTO contain(oid,pid) VALUES (72,23);
INSERT INTO contain(oid,pid) VALUES (72,25);
INSERT INTO contain(oid,pid) VALUES (72,28);
INSERT INTO contain(oid,pid) VALUES (73,24);
INSERT INTO contain(oid,pid) VALUES (73,27);
INSERT INTO contain(oid,pid) VALUES (73,3);
INSERT INTO contain(oid,pid) VALUES (73,4);
INSERT INTO contain(oid,pid) VALUES (74,21);
INSERT INTO contain(oid,pid) VALUES (74,27);
INSERT INTO contain(oid,pid) VALUES (74,4);
INSERT INTO contain(oid,pid) VALUES (75,12);
INSERT INTO contain(oid,pid) VALUES (75,13);
INSERT INTO contain(oid,pid) VALUES (75,18);
INSERT INTO contain(oid,pid) VALUES (75,20);
INSERT INTO contain(oid,pid) VALUES (75,21);
INSERT INTO contain(oid,pid) VALUES (75,24);
INSERT INTO contain(oid,pid) VALUES (75,5);
INSERT INTO contain(oid,pid) VALUES (76,2);
INSERT INTO contain(oid,pid) VALUES (76,21);
INSERT INTO contain(oid,pid) VALUES (76,4);
INSERT INTO contain(oid,pid) VALUES (77,14);
INSERT INTO contain(oid,pid) VALUES (78,10);
INSERT INTO contain(oid,pid) VALUES (78,16);
INSERT INTO contain(oid,pid) VALUES (78,7);
INSERT INTO contain(oid,pid) VALUES (79,21);
INSERT INTO contain(oid,pid) VALUES (79,22);
INSERT INTO contain(oid,pid) VALUES (79,28);
INSERT INTO contain(oid,pid) VALUES (8,2);
INSERT INTO contain(oid,pid) VALUES (8,27);
INSERT INTO contain(oid,pid) VALUES (80,1);
INSERT INTO contain(oid,pid) VALUES (80,25);
INSERT INTO contain(oid,pid) VALUES (80,26);
INSERT INTO contain(oid,pid) VALUES (80,3);
INSERT INTO contain(oid,pid) VALUES (81,17);
INSERT INTO contain(oid,pid) VALUES (82,11);
INSERT INTO contain(oid,pid) VALUES (82,15);
INSERT INTO contain(oid,pid) VALUES (83,3);
INSERT INTO contain(oid,pid) VALUES (84,11);
INSERT INTO contain(oid,pid) VALUES (84,17);
INSERT INTO contain(oid,pid) VALUES (84,18);
INSERT INTO contain(oid,pid) VALUES (84,25);
INSERT INTO contain(oid,pid) VALUES (84,28);
INSERT INTO contain(oid,pid) VALUES (84,30);
INSERT INTO contain(oid,pid) VALUES (85,24);
INSERT INTO contain(oid,pid) VALUES (85,3);
INSERT INTO contain(oid,pid) VALUES (85,7);
INSERT INTO contain(oid,pid) VALUES (86,10);
INSERT INTO contain(oid,pid) VALUES (86,21);
INSERT INTO contain(oid,pid) VALUES (86,29);
INSERT INTO contain(oid,pid) VALUES (86,7);
INSERT INTO contain(oid,pid) VALUES (86,8);
INSERT INTO contain(oid,pid) VALUES (87,29);
INSERT INTO contain(oid,pid) VALUES (88,11);
INSERT INTO contain(oid,pid) VALUES (88,14);
INSERT INTO contain(oid,pid) VALUES (88,18);
INSERT INTO contain(oid,pid) VALUES (88,24);
INSERT INTO contain(oid,pid) VALUES (89,13);
INSERT INTO contain(oid,pid) VALUES (89,2);
INSERT INTO contain(oid,pid) VALUES (89,29);
INSERT INTO contain(oid,pid) VALUES (90,16);
INSERT INTO contain(oid,pid) VALUES (90,29);
INSERT INTO contain(oid,pid) VALUES (91,1);
INSERT INTO contain(oid,pid) VALUES (91,14);
INSERT INTO contain(oid,pid) VALUES (91,2);
INSERT INTO contain(oid,pid) VALUES (91,25);
INSERT INTO contain(oid,pid) VALUES (91,27);
INSERT INTO contain(oid,pid) VALUES (91,4);
INSERT INTO contain(oid,pid) VALUES (92,26);
INSERT INTO contain(oid,pid) VALUES (93,14);
INSERT INTO contain(oid,pid) VALUES (93,15);
INSERT INTO contain(oid,pid) VALUES (93,21);
INSERT INTO contain(oid,pid) VALUES (93,30);
INSERT INTO contain(oid,pid) VALUES (93,8);
INSERT INTO contain(oid,pid) VALUES (93,9);
INSERT INTO contain(oid,pid) VALUES (94,12);
INSERT INTO contain(oid,pid) VALUES (94,13);
INSERT INTO contain(oid,pid) VALUES (94,25);
INSERT INTO contain(oid,pid) VALUES (94,27);
INSERT INTO contain(oid,pid) VALUES (94,5);
INSERT INTO contain(oid,pid) VALUES (95,12);
INSERT INTO contain(oid,pid) VALUES (95,29);
INSERT INTO contain(oid,pid) VALUES (95,3);
INSERT INTO contain(oid,pid) VALUES (96,3);
INSERT INTO contain(oid,pid) VALUES (96,8);
INSERT INTO contain(oid,pid) VALUES (96,9);
INSERT INTO contain(oid,pid) VALUES (97,1);
INSERT INTO contain(oid,pid) VALUES (97,11);
INSERT INTO contain(oid,pid) VALUES (97,22);
INSERT INTO contain(oid,pid) VALUES (97,30);
INSERT INTO contain(oid,pid) VALUES (97,7);
INSERT INTO contain(oid,pid) VALUES (98,11);
INSERT INTO contain(oid,pid) VALUES (98,14);
INSERT INTO contain(oid,pid) VALUES (98,23);
INSERT INTO contain(oid,pid) VALUES (98,6);
INSERT INTO contain(oid,pid) VALUES (99,17);
INSERT INTO contain(oid,pid) VALUES (99,19);
INSERT INTO contain(oid,pid) VALUES (99,25);



CREATE TABLE IF NOT EXISTS customers(
   cid      INTEGER  NOT NULL PRIMARY KEY 
  ,fullname VARCHAR(100) NOT NULL
  ,city     VARCHAR(200) NOT NULL
  ,state    VARCHAR(200) NOT NULL
);

INSERT INTO customers(cid,fullname,city,state) VALUES (1,'Uriel Whitney','Corona','Alabama');
INSERT INTO customers(cid,fullname,city,state) VALUES (2,'Justin Mccray','Cedar Falls','Vermont');
INSERT INTO customers(cid,fullname,city,state) VALUES (3,'Wynne Mckinney','Mobile','Virginia');
INSERT INTO customers(cid,fullname,city,state) VALUES (4,'Harlan Barrera','Glendale','South Carolina');
INSERT INTO customers(cid,fullname,city,state) VALUES (5,'Jerry Roberts','Idaho Falls','New York');
INSERT INTO customers(cid,fullname,city,state) VALUES (6,'Charde Mcgee','Glendora','Kentucky');
INSERT INTO customers(cid,fullname,city,state) VALUES (7,'Inez Long','Fort Wayne','Virginia');
INSERT INTO customers(cid,fullname,city,state) VALUES (8,'Uma Holland','Decatur','New Mexico');
INSERT INTO customers(cid,fullname,city,state) VALUES (9,'Haviva Stewart','Buena Park','Oklahoma');
INSERT INTO customers(cid,fullname,city,state) VALUES (10,'Nissim Rosa','Nenana','Nebraska');
INSERT INTO customers(cid,fullname,city,state) VALUES (11,'Caryn Merritt','Waycross','Kansas');
INSERT INTO customers(cid,fullname,city,state) VALUES (12,'Clementine Travis','Santa Fe Springs','Washington');
INSERT INTO customers(cid,fullname,city,state) VALUES (13,'Larissa Lambert','Redding','Nevada');
INSERT INTO customers(cid,fullname,city,state) VALUES (14,'Gray Perkins','Provo','Maryland');
INSERT INTO customers(cid,fullname,city,state) VALUES (15,'Abraham Sears','Vacaville','Minnesota');
INSERT INTO customers(cid,fullname,city,state) VALUES (16,'Eleanor Alston','Fort Collins','South Dakota');
INSERT INTO customers(cid,fullname,city,state) VALUES (17,'Dean Heath','Palmdale','Connecticut');
INSERT INTO customers(cid,fullname,city,state) VALUES (18,'Colby George','Sioux Falls','Virginia');
INSERT INTO customers(cid,fullname,city,state) VALUES (19,'Brynn Haney','Mechanicville','New Mexico');
INSERT INTO customers(cid,fullname,city,state) VALUES (20,'Demetrius Garcia','Fort Dodge','North Dakota');









CREATE TABLE IF NOT EXISTS place(
  cid        INTEGER  NOT NULL, 
  oid        INTEGER  NOT NULL,
  order_date DATE  NOT NULL,
   FOREIGN KEY (cid) REFERENCES customers(cid), 
    FOREIGN KEY (oid) REFERENCES orders(oid)
);

INSERT INTO place(cid,oid,order_date) VALUES (1,500,'2019-05-11');
INSERT INTO place(cid,oid,order_date) VALUES (1,106,'2011-07-08');
INSERT INTO place(cid,oid,order_date) VALUES (1,51,'2016-10-07');
INSERT INTO place(cid,oid,order_date) VALUES (1,210,'2017-04-12');
INSERT INTO place(cid,oid,order_date) VALUES (1,311,'2017-04-05');
INSERT INTO place(cid,oid,order_date) VALUES (1,111,'2017-03-03');
INSERT INTO place(cid,oid,order_date) VALUES (1,225,'2018-08-22');
INSERT INTO place(cid,oid,order_date) VALUES (1,236,'2016-12-19');
INSERT INTO place(cid,oid,order_date) VALUES (1,241,'2020-02-24');
INSERT INTO place(cid,oid,order_date) VALUES (1,343,'2020-03-09');
INSERT INTO place(cid,oid,order_date) VALUES (1,251,'2020-02-13');
INSERT INTO place(cid,oid,order_date) VALUES (1,353,'2017-12-09');
INSERT INTO place(cid,oid,order_date) VALUES (1,454,'2019-11-23');
INSERT INTO place(cid,oid,order_date) VALUES (1,357,'2018-11-19');
INSERT INTO place(cid,oid,order_date) VALUES (1,16,'2017-10-17');
INSERT INTO place(cid,oid,order_date) VALUES (1,364,'2020-06-16');
INSERT INTO place(cid,oid,order_date) VALUES (1,465,'2019-06-21');
INSERT INTO place(cid,oid,order_date) VALUES (1,374,'2011-06-02');
INSERT INTO place(cid,oid,order_date) VALUES (1,279,'2018-10-06');
INSERT INTO place(cid,oid,order_date) VALUES (1,482,'2016-10-13');
INSERT INTO place(cid,oid,order_date) VALUES (1,382,'2020-08-04');
INSERT INTO place(cid,oid,order_date) VALUES (1,49,'2019-03-24');
INSERT INTO place(cid,oid,order_date) VALUES (1,292,'2018-01-12');
INSERT INTO place(cid,oid,order_date) VALUES (1,199,'2019-11-04');
INSERT INTO place(cid,oid,order_date) VALUES (2,4,'2019-08-26');
INSERT INTO place(cid,oid,order_date) VALUES (2,114,'2011-07-02');
INSERT INTO place(cid,oid,order_date) VALUES (2,136,'2019-11-29');
INSERT INTO place(cid,oid,order_date) VALUES (2,84,'2018-03-29');
INSERT INTO place(cid,oid,order_date) VALUES (2,340,'2020-10-08');
INSERT INTO place(cid,oid,order_date) VALUES (2,344,'2018-08-22');
INSERT INTO place(cid,oid,order_date) VALUES (2,245,'2017-02-06');
INSERT INTO place(cid,oid,order_date) VALUES (2,350,'2017-06-08');
INSERT INTO place(cid,oid,order_date) VALUES (2,455,'2019-05-20');
INSERT INTO place(cid,oid,order_date) VALUES (2,262,'2011-02-05');
INSERT INTO place(cid,oid,order_date) VALUES (2,469,'2019-02-05');
INSERT INTO place(cid,oid,order_date) VALUES (2,27,'2020-12-14');
INSERT INTO place(cid,oid,order_date) VALUES (2,87,'2018-11-27');
INSERT INTO place(cid,oid,order_date) VALUES (2,470,'2018-04-04');
INSERT INTO place(cid,oid,order_date) VALUES (2,171,'2018-04-26');
INSERT INTO place(cid,oid,order_date) VALUES (2,372,'2018-07-22');
INSERT INTO place(cid,oid,order_date) VALUES (2,175,'2018-01-12');
INSERT INTO place(cid,oid,order_date) VALUES (2,180,'2011-03-17');
INSERT INTO place(cid,oid,order_date) VALUES (2,487,'2018-08-23');
INSERT INTO place(cid,oid,order_date) VALUES (2,290,'2018-09-05');
INSERT INTO place(cid,oid,order_date) VALUES (2,393,'2017-03-15');
INSERT INTO place(cid,oid,order_date) VALUES (2,496,'2017-08-06');
INSERT INTO place(cid,oid,order_date) VALUES (2,298,'2011-02-10');
INSERT INTO place(cid,oid,order_date) VALUES (3,301,'2019-05-27');
INSERT INTO place(cid,oid,order_date) VALUES (3,92,'2020-10-12');
INSERT INTO place(cid,oid,order_date) VALUES (3,82,'2017-05-25');
INSERT INTO place(cid,oid,order_date) VALUES (3,127,'2018-11-22');
INSERT INTO place(cid,oid,order_date) VALUES (3,14,'2011-04-17');
INSERT INTO place(cid,oid,order_date) VALUES (3,24,'2018-08-12');
INSERT INTO place(cid,oid,order_date) VALUES (3,340,'2019-07-31');
INSERT INTO place(cid,oid,order_date) VALUES (3,144,'2018-03-19');
INSERT INTO place(cid,oid,order_date) VALUES (3,154,'2019-06-22');
INSERT INTO place(cid,oid,order_date) VALUES (3,86,'2018-01-23');
INSERT INTO place(cid,oid,order_date) VALUES (3,176,'2018-12-23');
INSERT INTO place(cid,oid,order_date) VALUES (3,276,'2020-01-29');
INSERT INTO place(cid,oid,order_date) VALUES (3,68,'2018-11-06');
INSERT INTO place(cid,oid,order_date) VALUES (3,98,'2019-02-05');
INSERT INTO place(cid,oid,order_date) VALUES (3,291,'2019-08-19');
INSERT INTO place(cid,oid,order_date) VALUES (3,397,'2018-09-23');
INSERT INTO place(cid,oid,order_date) VALUES (4,3,'2011-03-29');
INSERT INTO place(cid,oid,order_date) VALUES (4,303,'2019-10-29');
INSERT INTO place(cid,oid,order_date) VALUES (4,406,'2019-07-23');
INSERT INTO place(cid,oid,order_date) VALUES (4,21,'2020-10-01');
INSERT INTO place(cid,oid,order_date) VALUES (4,110,'2019-12-12');
INSERT INTO place(cid,oid,order_date) VALUES (4,217,'2018-04-16');
INSERT INTO place(cid,oid,order_date) VALUES (4,92,'2011-03-27');
INSERT INTO place(cid,oid,order_date) VALUES (4,229,'2011-04-28');
INSERT INTO place(cid,oid,order_date) VALUES (4,132,'2011-05-31');
INSERT INTO place(cid,oid,order_date) VALUES (4,432,'2018-03-21');
INSERT INTO place(cid,oid,order_date) VALUES (4,64,'2019-06-08');
INSERT INTO place(cid,oid,order_date) VALUES (4,250,'2011-09-22');
INSERT INTO place(cid,oid,order_date) VALUES (4,251,'2019-10-04');
INSERT INTO place(cid,oid,order_date) VALUES (4,453,'2020-09-01');
INSERT INTO place(cid,oid,order_date) VALUES (4,76,'2019-04-18');
INSERT INTO place(cid,oid,order_date) VALUES (4,47,'2017-08-25');
INSERT INTO place(cid,oid,order_date) VALUES (4,375,'2017-11-03');
INSERT INTO place(cid,oid,order_date) VALUES (4,285,'2020-12-24');
INSERT INTO place(cid,oid,order_date) VALUES (4,288,'2020-09-30');
INSERT INTO place(cid,oid,order_date) VALUES (4,390,'2019-03-31');
INSERT INTO place(cid,oid,order_date) VALUES (4,493,'2019-11-29');
INSERT INTO place(cid,oid,order_date) VALUES (4,295,'2018-12-09');
INSERT INTO place(cid,oid,order_date) VALUES (5,20,'2018-11-10');
INSERT INTO place(cid,oid,order_date) VALUES (5,302,'2019-01-15');
INSERT INTO place(cid,oid,order_date) VALUES (5,326,'2017-07-22');
INSERT INTO place(cid,oid,order_date) VALUES (5,126,'2018-06-25');
INSERT INTO place(cid,oid,order_date) VALUES (5,433,'2020-01-19');
INSERT INTO place(cid,oid,order_date) VALUES (5,237,'2018-02-28');
INSERT INTO place(cid,oid,order_date) VALUES (5,242,'2018-03-10');
INSERT INTO place(cid,oid,order_date) VALUES (5,346,'2019-09-12');
INSERT INTO place(cid,oid,order_date) VALUES (5,255,'2019-11-09');
INSERT INTO place(cid,oid,order_date) VALUES (5,456,'2011-06-06');
INSERT INTO place(cid,oid,order_date) VALUES (5,46,'2020-05-19');
INSERT INTO place(cid,oid,order_date) VALUES (5,264,'2019-07-24');
INSERT INTO place(cid,oid,order_date) VALUES (5,377,'2017-08-01');
INSERT INTO place(cid,oid,order_date) VALUES (5,379,'2017-06-12');
INSERT INTO place(cid,oid,order_date) VALUES (5,184,'2019-06-23');
INSERT INTO place(cid,oid,order_date) VALUES (5,385,'2018-11-18');
INSERT INTO place(cid,oid,order_date) VALUES (5,296,'2017-07-23');
INSERT INTO place(cid,oid,order_date) VALUES (5,299,'2018-07-14');
INSERT INTO place(cid,oid,order_date) VALUES (6,70,'2011-07-03');
INSERT INTO place(cid,oid,order_date) VALUES (6,306,'2011-04-09');
INSERT INTO place(cid,oid,order_date) VALUES (6,308,'2011-09-03');
INSERT INTO place(cid,oid,order_date) VALUES (6,42,'2011-01-07');
INSERT INTO place(cid,oid,order_date) VALUES (6,324,'2020-06-08');
INSERT INTO place(cid,oid,order_date) VALUES (6,125,'2017-07-25');
INSERT INTO place(cid,oid,order_date) VALUES (6,132,'2017-01-07');
INSERT INTO place(cid,oid,order_date) VALUES (6,140,'2011-01-02');
INSERT INTO place(cid,oid,order_date) VALUES (6,352,'2011-03-04');
INSERT INTO place(cid,oid,order_date) VALUES (6,159,'2020-12-10');
INSERT INTO place(cid,oid,order_date) VALUES (6,260,'2019-10-24');
INSERT INTO place(cid,oid,order_date) VALUES (6,465,'2020-03-19');
INSERT INTO place(cid,oid,order_date) VALUES (6,472,'2019-04-17');
INSERT INTO place(cid,oid,order_date) VALUES (6,373,'2020-04-14');
INSERT INTO place(cid,oid,order_date) VALUES (6,38,'2017-12-29');
INSERT INTO place(cid,oid,order_date) VALUES (6,381,'2019-02-06');
INSERT INTO place(cid,oid,order_date) VALUES (7,6,'2017-06-03');
INSERT INTO place(cid,oid,order_date) VALUES (7,2,'2019-01-18');
INSERT INTO place(cid,oid,order_date) VALUES (7,405,'2011-01-05');
INSERT INTO place(cid,oid,order_date) VALUES (7,422,'2019-01-26');
INSERT INTO place(cid,oid,order_date) VALUES (7,327,'2020-10-14');
INSERT INTO place(cid,oid,order_date) VALUES (7,131,'2020-02-26');
INSERT INTO place(cid,oid,order_date) VALUES (7,436,'2019-02-09');
INSERT INTO place(cid,oid,order_date) VALUES (7,338,'2018-07-29');
INSERT INTO place(cid,oid,order_date) VALUES (7,239,'2016-11-09');
INSERT INTO place(cid,oid,order_date) VALUES (7,148,'2011-02-25');
INSERT INTO place(cid,oid,order_date) VALUES (7,349,'2018-07-30');
INSERT INTO place(cid,oid,order_date) VALUES (7,150,'2019-08-01');
INSERT INTO place(cid,oid,order_date) VALUES (7,160,'2016-12-25');
INSERT INTO place(cid,oid,order_date) VALUES (7,468,'2011-08-22');
INSERT INTO place(cid,oid,order_date) VALUES (7,388,'2018-10-24');
INSERT INTO place(cid,oid,order_date) VALUES (8,404,'2019-08-12');
INSERT INTO place(cid,oid,order_date) VALUES (8,207,'2017-07-13');
INSERT INTO place(cid,oid,order_date) VALUES (8,208,'2018-07-03');
INSERT INTO place(cid,oid,order_date) VALUES (8,41,'2011-07-11');
INSERT INTO place(cid,oid,order_date) VALUES (8,312,'2018-05-09');
INSERT INTO place(cid,oid,order_date) VALUES (8,417,'2011-02-16');
INSERT INTO place(cid,oid,order_date) VALUES (8,121,'2018-07-12');
INSERT INTO place(cid,oid,order_date) VALUES (8,122,'2020-12-05');
INSERT INTO place(cid,oid,order_date) VALUES (8,243,'2017-06-12');
INSERT INTO place(cid,oid,order_date) VALUES (8,358,'2011-07-10');
INSERT INTO place(cid,oid,order_date) VALUES (8,260,'2016-10-25');
INSERT INTO place(cid,oid,order_date) VALUES (8,463,'2017-06-15');
INSERT INTO place(cid,oid,order_date) VALUES (8,266,'2019-10-01');
INSERT INTO place(cid,oid,order_date) VALUES (8,168,'2020-10-03');
INSERT INTO place(cid,oid,order_date) VALUES (8,271,'2017-09-18');
INSERT INTO place(cid,oid,order_date) VALUES (8,376,'2020-06-06');
INSERT INTO place(cid,oid,order_date) VALUES (8,377,'2011-01-10');
INSERT INTO place(cid,oid,order_date) VALUES (8,178,'2020-05-07');
INSERT INTO place(cid,oid,order_date) VALUES (8,48,'2016-11-16');
INSERT INTO place(cid,oid,order_date) VALUES (8,287,'2017-04-02');
INSERT INTO place(cid,oid,order_date) VALUES (8,489,'2011-04-19');
INSERT INTO place(cid,oid,order_date) VALUES (8,391,'2017-03-31');
INSERT INTO place(cid,oid,order_date) VALUES (8,197,'2017-12-02');
INSERT INTO place(cid,oid,order_date) VALUES (8,198,'2018-06-20');
INSERT INTO place(cid,oid,order_date) VALUES (9,80,'2018-12-08');
INSERT INTO place(cid,oid,order_date) VALUES (9,403,'2018-09-30');
INSERT INTO place(cid,oid,order_date) VALUES (9,105,'2020-04-19');
INSERT INTO place(cid,oid,order_date) VALUES (9,313,'2019-08-18');
INSERT INTO place(cid,oid,order_date) VALUES (9,120,'2017-06-01');
INSERT INTO place(cid,oid,order_date) VALUES (9,423,'2016-11-02');
INSERT INTO place(cid,oid,order_date) VALUES (9,227,'2017-02-22');
INSERT INTO place(cid,oid,order_date) VALUES (9,53,'2017-04-18');
INSERT INTO place(cid,oid,order_date) VALUES (9,431,'2020-01-31');
INSERT INTO place(cid,oid,order_date) VALUES (9,233,'2018-04-05');
INSERT INTO place(cid,oid,order_date) VALUES (9,139,'2019-05-18');
INSERT INTO place(cid,oid,order_date) VALUES (9,247,'2019-06-28');
INSERT INTO place(cid,oid,order_date) VALUES (9,65,'2020-11-14');
INSERT INTO place(cid,oid,order_date) VALUES (9,452,'2019-10-14');
INSERT INTO place(cid,oid,order_date) VALUES (9,459,'2019-12-27');
INSERT INTO place(cid,oid,order_date) VALUES (9,161,'2019-05-28');
INSERT INTO place(cid,oid,order_date) VALUES (9,267,'2011-08-14');
INSERT INTO place(cid,oid,order_date) VALUES (9,369,'2017-09-07');
INSERT INTO place(cid,oid,order_date) VALUES (9,37,'2011-07-03');
INSERT INTO place(cid,oid,order_date) VALUES (9,272,'2019-11-13');
INSERT INTO place(cid,oid,order_date) VALUES (9,483,'2016-12-15');
INSERT INTO place(cid,oid,order_date) VALUES (9,284,'2017-07-18');
INSERT INTO place(cid,oid,order_date) VALUES (9,486,'2020-10-18');
INSERT INTO place(cid,oid,order_date) VALUES (9,188,'2018-07-13');
INSERT INTO place(cid,oid,order_date) VALUES (9,491,'2020-04-30');
INSERT INTO place(cid,oid,order_date) VALUES (9,494,'2016-10-07');
INSERT INTO place(cid,oid,order_date) VALUES (9,396,'2016-11-12');
INSERT INTO place(cid,oid,order_date) VALUES (10,102,'2017-04-26');
INSERT INTO place(cid,oid,order_date) VALUES (10,105,'2019-11-03');
INSERT INTO place(cid,oid,order_date) VALUES (10,106,'2018-12-19');
INSERT INTO place(cid,oid,order_date) VALUES (10,144,'2020-07-28');
INSERT INTO place(cid,oid,order_date) VALUES (10,169,'2019-08-07');
INSERT INTO place(cid,oid,order_date) VALUES (10,172,'2016-12-22');
INSERT INTO place(cid,oid,order_date) VALUES (10,2,'2019-11-06');
INSERT INTO place(cid,oid,order_date) VALUES (10,215,'2018-05-22');
INSERT INTO place(cid,oid,order_date) VALUES (10,222,'2018-04-14');
INSERT INTO place(cid,oid,order_date) VALUES (10,247,'2016-11-24');
INSERT INTO place(cid,oid,order_date) VALUES (10,251,'2020-05-08');
INSERT INTO place(cid,oid,order_date) VALUES (10,273,'2019-09-19');
INSERT INTO place(cid,oid,order_date) VALUES (10,280,'2011-07-04');
INSERT INTO place(cid,oid,order_date) VALUES (10,281,'2020-03-12');
INSERT INTO place(cid,oid,order_date) VALUES (10,287,'2020-02-24');
INSERT INTO place(cid,oid,order_date) VALUES (10,32,'2011-06-06');
INSERT INTO place(cid,oid,order_date) VALUES (10,332,'2011-09-29');
INSERT INTO place(cid,oid,order_date) VALUES (10,360,'2019-07-15');
INSERT INTO place(cid,oid,order_date) VALUES (10,377,'2018-06-10');
INSERT INTO place(cid,oid,order_date) VALUES (10,468,'2019-07-17');
INSERT INTO place(cid,oid,order_date) VALUES (10,476,'2017-10-17');
INSERT INTO place(cid,oid,order_date) VALUES (10,478,'2018-11-05');
INSERT INTO place(cid,oid,order_date) VALUES (10,60,'2017-04-16');
INSERT INTO place(cid,oid,order_date) VALUES (10,63,'2019-02-01');
INSERT INTO place(cid,oid,order_date) VALUES (10,64,'2020-08-02');
INSERT INTO place(cid,oid,order_date) VALUES (10,75,'2020-01-17');
INSERT INTO place(cid,oid,order_date) VALUES (10,82,'2017-10-15');
INSERT INTO place(cid,oid,order_date) VALUES (10,95,'2017-01-25');
INSERT INTO place(cid,oid,order_date) VALUES (11,106,'2016-12-26');
INSERT INTO place(cid,oid,order_date) VALUES (11,12,'2019-06-18');
INSERT INTO place(cid,oid,order_date) VALUES (11,127,'2011-02-08');
INSERT INTO place(cid,oid,order_date) VALUES (11,134,'2018-10-01');
INSERT INTO place(cid,oid,order_date) VALUES (11,143,'2011-04-26');
INSERT INTO place(cid,oid,order_date) VALUES (11,144,'2020-03-31');
INSERT INTO place(cid,oid,order_date) VALUES (11,151,'2018-03-07');
INSERT INTO place(cid,oid,order_date) VALUES (11,179,'2020-07-20');
INSERT INTO place(cid,oid,order_date) VALUES (11,197,'2017-09-19');
INSERT INTO place(cid,oid,order_date) VALUES (11,209,'2018-10-06');
INSERT INTO place(cid,oid,order_date) VALUES (11,25,'2020-08-22');
INSERT INTO place(cid,oid,order_date) VALUES (11,27,'2019-09-24');
INSERT INTO place(cid,oid,order_date) VALUES (11,325,'2019-02-02');
INSERT INTO place(cid,oid,order_date) VALUES (11,329,'2018-03-05');
INSERT INTO place(cid,oid,order_date) VALUES (11,352,'2020-03-12');
INSERT INTO place(cid,oid,order_date) VALUES (11,36,'2018-04-27');
INSERT INTO place(cid,oid,order_date) VALUES (11,390,'2020-01-09');
INSERT INTO place(cid,oid,order_date) VALUES (11,398,'2018-06-11');
INSERT INTO place(cid,oid,order_date) VALUES (11,403,'2011-08-31');
INSERT INTO place(cid,oid,order_date) VALUES (11,429,'2019-05-27');
INSERT INTO place(cid,oid,order_date) VALUES (11,439,'2019-07-31');
INSERT INTO place(cid,oid,order_date) VALUES (11,72,'2018-08-27');
INSERT INTO place(cid,oid,order_date) VALUES (11,83,'2018-12-07');
INSERT INTO place(cid,oid,order_date) VALUES (11,89,'2011-01-28');
INSERT INTO place(cid,oid,order_date) VALUES (12,114,'2011-07-20');
INSERT INTO place(cid,oid,order_date) VALUES (12,123,'2018-09-21');
INSERT INTO place(cid,oid,order_date) VALUES (12,128,'2020-08-26');
INSERT INTO place(cid,oid,order_date) VALUES (12,140,'2016-10-14');
INSERT INTO place(cid,oid,order_date) VALUES (12,157,'2019-12-30');
INSERT INTO place(cid,oid,order_date) VALUES (12,162,'2016-12-14');
INSERT INTO place(cid,oid,order_date) VALUES (12,167,'2017-08-06');
INSERT INTO place(cid,oid,order_date) VALUES (12,171,'2017-12-19');
INSERT INTO place(cid,oid,order_date) VALUES (12,178,'2018-03-15');
INSERT INTO place(cid,oid,order_date) VALUES (12,182,'2020-06-29');
INSERT INTO place(cid,oid,order_date) VALUES (12,190,'2011-08-06');
INSERT INTO place(cid,oid,order_date) VALUES (12,191,'2011-03-14');
INSERT INTO place(cid,oid,order_date) VALUES (12,214,'2018-01-13');
INSERT INTO place(cid,oid,order_date) VALUES (12,226,'2011-06-30');
INSERT INTO place(cid,oid,order_date) VALUES (12,231,'2017-02-20');
INSERT INTO place(cid,oid,order_date) VALUES (12,239,'2016-11-25');
INSERT INTO place(cid,oid,order_date) VALUES (12,253,'2019-01-05');
INSERT INTO place(cid,oid,order_date) VALUES (12,266,'2018-11-30');
INSERT INTO place(cid,oid,order_date) VALUES (12,27,'2011-01-31');
INSERT INTO place(cid,oid,order_date) VALUES (12,296,'2017-06-24');
INSERT INTO place(cid,oid,order_date) VALUES (12,319,'2018-03-21');
INSERT INTO place(cid,oid,order_date) VALUES (12,33,'2011-03-31');
INSERT INTO place(cid,oid,order_date) VALUES (12,349,'2017-09-14');
INSERT INTO place(cid,oid,order_date) VALUES (12,368,'2017-10-28');
INSERT INTO place(cid,oid,order_date) VALUES (12,438,'2020-08-16');
INSERT INTO place(cid,oid,order_date) VALUES (12,459,'2018-06-20');
INSERT INTO place(cid,oid,order_date) VALUES (12,471,'2011-05-01');
INSERT INTO place(cid,oid,order_date) VALUES (12,491,'2019-09-22');
INSERT INTO place(cid,oid,order_date) VALUES (12,91,'2019-03-14');
INSERT INTO place(cid,oid,order_date) VALUES (13,165,'2017-03-20');
INSERT INTO place(cid,oid,order_date) VALUES (13,168,'2018-03-27');
INSERT INTO place(cid,oid,order_date) VALUES (13,186,'2017-05-31');
INSERT INTO place(cid,oid,order_date) VALUES (13,187,'2019-12-10');
INSERT INTO place(cid,oid,order_date) VALUES (13,202,'2020-11-21');
INSERT INTO place(cid,oid,order_date) VALUES (13,208,'2018-12-17');
INSERT INTO place(cid,oid,order_date) VALUES (13,209,'2017-10-16');
INSERT INTO place(cid,oid,order_date) VALUES (13,211,'2020-10-13');
INSERT INTO place(cid,oid,order_date) VALUES (13,214,'2018-03-14');
INSERT INTO place(cid,oid,order_date) VALUES (13,231,'2020-04-02');
INSERT INTO place(cid,oid,order_date) VALUES (13,235,'2020-02-08');
INSERT INTO place(cid,oid,order_date) VALUES (13,241,'2018-01-12');
INSERT INTO place(cid,oid,order_date) VALUES (13,290,'2016-11-15');
INSERT INTO place(cid,oid,order_date) VALUES (13,291,'2019-01-12');
INSERT INTO place(cid,oid,order_date) VALUES (13,300,'2011-01-02');
INSERT INTO place(cid,oid,order_date) VALUES (13,315,'2020-04-29');
INSERT INTO place(cid,oid,order_date) VALUES (13,355,'2016-11-26');
INSERT INTO place(cid,oid,order_date) VALUES (13,388,'2018-06-13');
INSERT INTO place(cid,oid,order_date) VALUES (13,422,'2020-12-19');
INSERT INTO place(cid,oid,order_date) VALUES (13,431,'2020-08-31');
INSERT INTO place(cid,oid,order_date) VALUES (13,451,'2017-04-21');
INSERT INTO place(cid,oid,order_date) VALUES (13,94,'2018-08-27');
INSERT INTO place(cid,oid,order_date) VALUES (14,10,'2020-05-01');
INSERT INTO place(cid,oid,order_date) VALUES (14,140,'2018-10-16');
INSERT INTO place(cid,oid,order_date) VALUES (14,172,'2011-07-22');
INSERT INTO place(cid,oid,order_date) VALUES (14,206,'2019-03-17');
INSERT INTO place(cid,oid,order_date) VALUES (14,25,'2020-09-18');
INSERT INTO place(cid,oid,order_date) VALUES (14,256,'2018-10-19');
INSERT INTO place(cid,oid,order_date) VALUES (14,294,'2020-05-23');
INSERT INTO place(cid,oid,order_date) VALUES (14,323,'2019-09-15');
INSERT INTO place(cid,oid,order_date) VALUES (14,360,'2019-06-25');
INSERT INTO place(cid,oid,order_date) VALUES (14,363,'2019-07-22');
INSERT INTO place(cid,oid,order_date) VALUES (14,4,'2016-12-28');
INSERT INTO place(cid,oid,order_date) VALUES (14,415,'2019-05-14');
INSERT INTO place(cid,oid,order_date) VALUES (14,421,'2017-10-17');
INSERT INTO place(cid,oid,order_date) VALUES (14,45,'2020-06-01');
INSERT INTO place(cid,oid,order_date) VALUES (14,467,'2018-05-03');
INSERT INTO place(cid,oid,order_date) VALUES (14,472,'2011-07-10');
INSERT INTO place(cid,oid,order_date) VALUES (14,485,'2018-11-04');
INSERT INTO place(cid,oid,order_date) VALUES (14,53,'2020-01-15');
INSERT INTO place(cid,oid,order_date) VALUES (14,54,'2020-10-12');
INSERT INTO place(cid,oid,order_date) VALUES (15,1,'2019-08-29');
INSERT INTO place(cid,oid,order_date) VALUES (15,118,'2017-11-25');
INSERT INTO place(cid,oid,order_date) VALUES (15,129,'2016-11-24');
INSERT INTO place(cid,oid,order_date) VALUES (15,143,'2019-05-20');
INSERT INTO place(cid,oid,order_date) VALUES (15,172,'2018-08-01');
INSERT INTO place(cid,oid,order_date) VALUES (15,182,'2018-05-26');
INSERT INTO place(cid,oid,order_date) VALUES (15,193,'2017-07-30');
INSERT INTO place(cid,oid,order_date) VALUES (15,199,'2018-07-21');
INSERT INTO place(cid,oid,order_date) VALUES (15,220,'2018-05-28');
INSERT INTO place(cid,oid,order_date) VALUES (15,228,'2017-10-12');
INSERT INTO place(cid,oid,order_date) VALUES (15,261,'2018-08-16');
INSERT INTO place(cid,oid,order_date) VALUES (15,270,'2020-04-25');
INSERT INTO place(cid,oid,order_date) VALUES (15,284,'2019-04-18');
INSERT INTO place(cid,oid,order_date) VALUES (15,287,'2019-10-20');
INSERT INTO place(cid,oid,order_date) VALUES (15,432,'2017-05-22');
INSERT INTO place(cid,oid,order_date) VALUES (15,446,'2017-12-22');
INSERT INTO place(cid,oid,order_date) VALUES (15,472,'2017-04-28');
INSERT INTO place(cid,oid,order_date) VALUES (15,64,'2019-08-28');
INSERT INTO place(cid,oid,order_date) VALUES (15,89,'2019-02-12');
INSERT INTO place(cid,oid,order_date) VALUES (16,114,'2018-08-16');
INSERT INTO place(cid,oid,order_date) VALUES (16,128,'2018-05-31');
INSERT INTO place(cid,oid,order_date) VALUES (16,164,'2018-04-29');
INSERT INTO place(cid,oid,order_date) VALUES (16,168,'2011-09-15');
INSERT INTO place(cid,oid,order_date) VALUES (16,183,'2018-12-27');
INSERT INTO place(cid,oid,order_date) VALUES (16,199,'2017-10-19');
INSERT INTO place(cid,oid,order_date) VALUES (16,21,'2011-05-26');
INSERT INTO place(cid,oid,order_date) VALUES (16,216,'2018-09-15');
INSERT INTO place(cid,oid,order_date) VALUES (16,225,'2018-12-15');
INSERT INTO place(cid,oid,order_date) VALUES (16,230,'2020-04-16');
INSERT INTO place(cid,oid,order_date) VALUES (16,276,'2019-10-28');
INSERT INTO place(cid,oid,order_date) VALUES (16,277,'2017-09-27');
INSERT INTO place(cid,oid,order_date) VALUES (16,31,'2018-04-07');
INSERT INTO place(cid,oid,order_date) VALUES (16,339,'2019-06-26');
INSERT INTO place(cid,oid,order_date) VALUES (16,350,'2018-03-05');
INSERT INTO place(cid,oid,order_date) VALUES (16,400,'2018-03-30');
INSERT INTO place(cid,oid,order_date) VALUES (16,420,'2011-04-13');
INSERT INTO place(cid,oid,order_date) VALUES (16,425,'2020-07-18');
INSERT INTO place(cid,oid,order_date) VALUES (16,444,'2018-10-27');
INSERT INTO place(cid,oid,order_date) VALUES (16,488,'2018-05-31');
INSERT INTO place(cid,oid,order_date) VALUES (16,50,'2017-01-02');
INSERT INTO place(cid,oid,order_date) VALUES (16,56,'2017-04-15');
INSERT INTO place(cid,oid,order_date) VALUES (16,58,'2017-08-23');
INSERT INTO place(cid,oid,order_date) VALUES (16,8,'2018-10-15');
INSERT INTO place(cid,oid,order_date) VALUES (17,115,'2017-12-16');
INSERT INTO place(cid,oid,order_date) VALUES (17,134,'2020-11-08');
INSERT INTO place(cid,oid,order_date) VALUES (17,135,'2018-05-22');
INSERT INTO place(cid,oid,order_date) VALUES (17,157,'2020-04-01');
INSERT INTO place(cid,oid,order_date) VALUES (17,170,'2017-12-05');
INSERT INTO place(cid,oid,order_date) VALUES (17,190,'2019-11-30');
INSERT INTO place(cid,oid,order_date) VALUES (17,22,'2019-07-28');
INSERT INTO place(cid,oid,order_date) VALUES (17,240,'2018-07-19');
INSERT INTO place(cid,oid,order_date) VALUES (17,253,'2018-06-23');
INSERT INTO place(cid,oid,order_date) VALUES (17,273,'2019-04-29');
INSERT INTO place(cid,oid,order_date) VALUES (17,320,'2016-09-28');
INSERT INTO place(cid,oid,order_date) VALUES (17,33,'2020-11-17');
INSERT INTO place(cid,oid,order_date) VALUES (17,338,'2017-12-11');
INSERT INTO place(cid,oid,order_date) VALUES (17,342,'2019-12-30');
INSERT INTO place(cid,oid,order_date) VALUES (17,350,'2020-03-29');
INSERT INTO place(cid,oid,order_date) VALUES (17,351,'2011-01-10');
INSERT INTO place(cid,oid,order_date) VALUES (17,36,'2019-11-16');
INSERT INTO place(cid,oid,order_date) VALUES (17,365,'2020-01-25');
INSERT INTO place(cid,oid,order_date) VALUES (17,370,'2017-02-11');
INSERT INTO place(cid,oid,order_date) VALUES (17,374,'2017-07-09');
INSERT INTO place(cid,oid,order_date) VALUES (17,407,'2018-11-19');
INSERT INTO place(cid,oid,order_date) VALUES (17,415,'2011-02-13');
INSERT INTO place(cid,oid,order_date) VALUES (17,442,'2016-12-24');
INSERT INTO place(cid,oid,order_date) VALUES (17,45,'2018-10-27');
INSERT INTO place(cid,oid,order_date) VALUES (17,475,'2019-02-26');
INSERT INTO place(cid,oid,order_date) VALUES (17,494,'2011-08-15');
INSERT INTO place(cid,oid,order_date) VALUES (17,54,'2011-08-17');
INSERT INTO place(cid,oid,order_date) VALUES (17,57,'2011-04-10');
INSERT INTO place(cid,oid,order_date) VALUES (17,60,'2017-08-07');
INSERT INTO place(cid,oid,order_date) VALUES (17,72,'2011-05-14');
INSERT INTO place(cid,oid,order_date) VALUES (17,89,'2017-01-19');
INSERT INTO place(cid,oid,order_date) VALUES (18,107,'2018-03-01');
INSERT INTO place(cid,oid,order_date) VALUES (18,129,'2018-12-18');
INSERT INTO place(cid,oid,order_date) VALUES (18,140,'2020-09-09');
INSERT INTO place(cid,oid,order_date) VALUES (18,161,'2017-04-08');
INSERT INTO place(cid,oid,order_date) VALUES (18,169,'2011-01-05');
INSERT INTO place(cid,oid,order_date) VALUES (18,178,'2011-08-05');
INSERT INTO place(cid,oid,order_date) VALUES (18,2,'2018-09-14');
INSERT INTO place(cid,oid,order_date) VALUES (18,233,'2018-11-18');
INSERT INTO place(cid,oid,order_date) VALUES (18,245,'2011-02-26');
INSERT INTO place(cid,oid,order_date) VALUES (18,264,'2011-08-14');
INSERT INTO place(cid,oid,order_date) VALUES (18,278,'2018-10-30');
INSERT INTO place(cid,oid,order_date) VALUES (18,31,'2011-05-16');
INSERT INTO place(cid,oid,order_date) VALUES (18,310,'2017-11-19');
INSERT INTO place(cid,oid,order_date) VALUES (18,333,'2018-05-13');
INSERT INTO place(cid,oid,order_date) VALUES (18,341,'2017-09-19');
INSERT INTO place(cid,oid,order_date) VALUES (18,368,'2016-12-05');
INSERT INTO place(cid,oid,order_date) VALUES (18,379,'2016-11-01');
INSERT INTO place(cid,oid,order_date) VALUES (18,380,'2018-06-18');
INSERT INTO place(cid,oid,order_date) VALUES (18,395,'2020-04-27');
INSERT INTO place(cid,oid,order_date) VALUES (18,406,'2011-07-20');
INSERT INTO place(cid,oid,order_date) VALUES (18,458,'2016-10-09');
INSERT INTO place(cid,oid,order_date) VALUES (18,477,'2018-10-29');
INSERT INTO place(cid,oid,order_date) VALUES (18,484,'2020-09-20');
INSERT INTO place(cid,oid,order_date) VALUES (18,7,'2011-05-05');
INSERT INTO place(cid,oid,order_date) VALUES (18,81,'2017-02-27');
INSERT INTO place(cid,oid,order_date) VALUES (18,94,'2018-06-23');
INSERT INTO place(cid,oid,order_date) VALUES (19,114,'2017-10-22');
INSERT INTO place(cid,oid,order_date) VALUES (19,133,'2011-04-18');
INSERT INTO place(cid,oid,order_date) VALUES (19,140,'2011-06-12');
INSERT INTO place(cid,oid,order_date) VALUES (19,152,'2018-06-14');
INSERT INTO place(cid,oid,order_date) VALUES (19,161,'2011-07-08');
INSERT INTO place(cid,oid,order_date) VALUES (19,185,'2019-03-26');
INSERT INTO place(cid,oid,order_date) VALUES (19,189,'2017-02-04');
INSERT INTO place(cid,oid,order_date) VALUES (19,201,'2019-08-07');
INSERT INTO place(cid,oid,order_date) VALUES (19,215,'2018-04-14');
INSERT INTO place(cid,oid,order_date) VALUES (19,259,'2019-06-04');
INSERT INTO place(cid,oid,order_date) VALUES (19,275,'2018-03-24');
INSERT INTO place(cid,oid,order_date) VALUES (19,372,'2020-04-03');
INSERT INTO place(cid,oid,order_date) VALUES (19,377,'2019-02-03');
INSERT INTO place(cid,oid,order_date) VALUES (19,389,'2020-12-11');
INSERT INTO place(cid,oid,order_date) VALUES (19,399,'2019-07-18');
INSERT INTO place(cid,oid,order_date) VALUES (19,406,'2011-07-08');
INSERT INTO place(cid,oid,order_date) VALUES (19,428,'2020-04-19');
INSERT INTO place(cid,oid,order_date) VALUES (19,469,'2019-12-09');
INSERT INTO place(cid,oid,order_date) VALUES (19,497,'2020-08-03');
INSERT INTO place(cid,oid,order_date) VALUES (19,51,'2019-11-21');
INSERT INTO place(cid,oid,order_date) VALUES (19,72,'2018-11-01');
INSERT INTO place(cid,oid,order_date) VALUES (19,81,'2011-08-07');
INSERT INTO place(cid,oid,order_date) VALUES (20,122,'2017-05-18');
INSERT INTO place(cid,oid,order_date) VALUES (20,130,'2017-12-31');
INSERT INTO place(cid,oid,order_date) VALUES (20,133,'2019-04-25');
INSERT INTO place(cid,oid,order_date) VALUES (20,135,'2020-04-17');
INSERT INTO place(cid,oid,order_date) VALUES (20,159,'2017-05-26');
INSERT INTO place(cid,oid,order_date) VALUES (20,174,'2018-05-05');
INSERT INTO place(cid,oid,order_date) VALUES (20,224,'2018-12-29');
INSERT INTO place(cid,oid,order_date) VALUES (20,272,'2019-08-07');
INSERT INTO place(cid,oid,order_date) VALUES (20,276,'2019-03-31');
INSERT INTO place(cid,oid,order_date) VALUES (20,313,'2017-12-15');
INSERT INTO place(cid,oid,order_date) VALUES (20,315,'2020-02-10');
INSERT INTO place(cid,oid,order_date) VALUES (20,322,'2020-03-24');
INSERT INTO place(cid,oid,order_date) VALUES (20,346,'2018-08-24');
INSERT INTO place(cid,oid,order_date) VALUES (20,385,'2011-09-19');
INSERT INTO place(cid,oid,order_date) VALUES (20,389,'2017-08-28');
INSERT INTO place(cid,oid,order_date) VALUES (20,408,'2019-10-27');
INSERT INTO place(cid,oid,order_date) VALUES (20,415,'2011-01-27');
INSERT INTO place(cid,oid,order_date) VALUES (20,434,'2011-03-20');
INSERT INTO place(cid,oid,order_date) VALUES (20,458,'2019-01-06');
INSERT INTO place(cid,oid,order_date) VALUES (20,464,'2019-02-11');
INSERT INTO place(cid,oid,order_date) VALUES (20,47,'2020-11-09');
INSERT INTO place(cid,oid,order_date) VALUES (20,69,'2018-05-22');
/*

